nom,Siren
#DOT:DOT,903 206 761
1KM A PIED,850487273
1LIFE GROUP,791143795
2EMOTION,511423899
2IS (INBOUND INTELLIGENCE SOLUTIONS),892195561
3 C EVOLUTION,429771363
30 MILLE OOVOOM,889500021
360 SMART CONNECT,805387461
360PLAYER.IO,823370144
3D AEROSPACE,840657068
3D MEDLAB,828603654
3D SOUND LABS,799927371
3DCERAM SINTO,435266598
3DEFRANCE&CO,884254525
3DEUS DYNAMICS,890216609
3W ACADEMY,754047702
404WORKS,500704879
4DVIEWS,500704879
4P PHARMA,804204071
6 FREEDOM,849911987
7HUGS LABS,799970538
A FOND GASTON,840605091
A2 PHOTONIC SENSORS,499011435
A2IM - ROBOTADIVISORS,833258437
A3BC GROUP,839604576
A3D - L'ATELIER NUMERIQUE,802736819
AAVLIFE,799863873
AB TASTY,518685540
ABIONYX PHARMA (EX-CERENIS),481637718
ABLA ANALYTICS,892049479
ABOLERIS PHARMA,879302800
ABSOLUT SYSTEM,521646216
ACCES INCLUSIVE TECH,822001665
ACSIEL ALLIANCE ÉLECTRONIQUE,798778965
ACTEMIUM LILLE DIGITAL SOLUTIONS,537934192
ACTIS ERGONOMIE ET PERFORMANCES,493350219
ACTIVUS GROUP,815357769
ACUITY DATA,837669639
AD CERTIFICATION,982786204
AD YOU LIKE,531651792
AD'OCC,839117611
ADANAM TECHNOLOGY,538575002
ADDITIVE 3D,803739085
ADDOCK,451500268
ADEME XD MOBILITÉ,385290309
ADLOOP,798412979
ADMO.TV,533565040
ADOBIS GROUP,798785283
ADOTMOB,801618989
ADS ON BOARD,828044180
ADVANCED ACCELERATOR APPLICATIONS,441417110
ADVANCED AERODYNAMIC VESSELS,793570243
ADVANCED MAGNETIC INTERACTION, AMI,800394926
ADVANCED PERFUSION DIAGNOSTICS,752995225
ADVERUM BIOTECHNOLOGIES,799863873
ADVICENNE PHARMA,497587089
ADVIZEO BY SETEC,808452833
AEONX AI,831122338
AERIAL COBOTICUS,811293547
AEROSPACE VALLEY,484284526
AF83,434409504
AFFILAE,750845208
AGE IMPULSE,883606253
AGENCE ZOL,440772697
AGIGA PLACE,884585324
AGIL TECHNOLOGIES,794330845
AGILEO AUTOMATION,520941485
AGORA CALYCÉ,799736764
AGORA OPINION | TAQT,534232558
AGORA SOFTWARE,501502827
AGORAPLUS,480170885
AGRIFIND GROUP,834859647
AHEAD TECHNOLOGY,488101858
AIA HANDICAP,939098034
AII – AUTOMATISME ET INFORMATIQUE INDUSTRIELLE,323681049
AIPHONIA,404566093
AIR LIQUIDE,314119504
AIR SERENITY,752935791
AIRBUS CYBERSECURITY,523941037
AIRCAPTIF,832753297
AIS BIOTECH,950788182
AJ INVEST & CONSULTING,903002376
AJR MULTI SERVICES,848317657
ALBERTINE EN CONSIGNE,848917449
ALBUS FACTORY,980861009
ALENTIS THERAPEUTICS,851424929
ALERTGASOIL™,511118333
ALFRED MEETING,822744900
ALGO PAINT,812243327
ALKION BIOPHARMA,828176784
ALL VIRTUAL,822505608
ALLERGEN ALERT,934975475
ALLOVOISINS,792209967
ALLPRIV,833146947
ALLTRACKS ENGINEERING,949845705
ALLURE SYSTEMS,752946855
ALMB GROUP,899149470
ALP VALLEY,908315203
ALPES RECRUTEMENT,908316706
ALPHA FLORA,853195626
ALPHA MOS,389274846
ALPINOV X,828812735
ALTA VOCE,881655005
ALTEA CONSEIL,930401526
ALTER WAY,490932308
ALTERFINA,514951490
ALTO SOLUTION,838064665
ALTOSPAM,442462040
ALTRNATIV,884983958
ALVEOS EV,849162490
AMAZING.DEV,849115944
AMBASSADORSLAB,424468114
AMBER ENERGY,911537538
AMBLER,840859300
AMIRAL TECHNOLOGIES,839798451
AMJE PARIS,429401961
AMOLYT PHARMA,803919729
AMS R&D,482942687
ANANKÉ,952605970
ANAPIX MEDICAL,821168119
ANDJARO,
ANGEL ASSISTANCE,794960013
ANGUS AI,810796953
ANOTHERBRAIN,827693466
ANOZR WAY,848675120
APEC / ASSOCIATION POUR L'EMPLOI DES CADRES,
APEX ENERGIES,382499499
APITOUR,
APIX ANALYTICS,803133933
APNEAL,
APOLLO BAY,840648125
APPALOOSA STORE,508928124
APPLE WIND NEW,532728946
APPLIDGET,512747676
APPLIED MATERIALS,385124862
APPLIED TECHNOLOGIES INTERNET,403261258
APPS HABITAT,848896106
APPS VELOCITY,798311833
APPSCHO,804804441
APPVIZER,794633347
APREX SOLUTIONS,833037161
AQUATECH INNOVATION,841645815
AR TECHNOLOGIES,981519283
ARAÏKO,890872039
ARC DATA SHIELD,913002754
ARC EN CIEL SÉRIGRAPHIE,328947692
ARCHI REALITY,820169738
ARENAMETRIX,794062497
ARGO AUGMENTED REALITY,804465276
ARIADNEXT,520769225
ARIANE TOURNEUR,510465214
ARJO SYSTEMS,807924584
ARK ECOSYSTEM,833439300
ARKANCE SYSTEMS FRANCE,339715542
ARKEON ENERGY SYSTEMS,888214673
ARKETYP 3D,539947200
ARMELIO,523546703
ARMONIE SANTE,890009954
ARTERIAL REMODELLING TECHNOLOGIES,439917295
ARTHA FRANCE,843242918
ARTIPS,792147209
ARVERNE GEOTHERMAL,891015703
ARX CORPORATE FINANCE,798239349
ARX IT,493517577
ARXCF,798239349
ARYBALLE TECHNOLOGIES,800742405
ASCEND BEYOND SPACE,934094608
ASCLEPIOS TECH,880245188
ASCORBAT - SCAN BTP,900532250
ASK FOR THE MOON,901072389
ASK LOCALA (EX S4M),534318415
ASK MONA,827747874
ASNE ARCHITECTURE,888171410
ASSURONE GROUP,478193386
ASSURUP,811686062
ASTERION VR,821520970
ASTON ITF,525108288
ASTON ITRADE FINANCE,525108288
ASTREE SOFTWARE,538739814
ASTRÉE SOFTWARE,538739814
ATELIER DES LUMIÈRES,378955116
ATELIER MÉRIGUET-CARRÈRE,381172360
ATELIER XYZ,852504281
ATELIERS DE FRANCE (MÉRIGUET-CARRÈRE),794195818
ATEMPO.WOOXO GROUP,383923786
ATHENA RECHERCHE ET INNOVATION,823166020
ATIM RADIOCOMMUNICATIONS,410460422
ATIPIK SOLUTIONS,824610935
ATLANTIS AI,
ATMOTRACK,810418798
ATOMIC DIGITAL DESIGN,539355164
ATTESTATION LÉGALE,
AUDIENCE SQUARE,753185396
AUEG – ALLIANCE UNIVERSITÉ ENTREPRISE DE GRENOBLE,779560242
AUGMENTED CISO,899421671
AUM BIOSYNC,817509094
AURA AERO,842171316
AUTHENTIC MATERIAL,819886177
AUTOMATISMES COMMANDES NUMERIQUES SYSTEM,
AUVALIE INNOVATION,537490906
AUXO DYNAMICS,953180965
AVANT DE CLIQUER,832080055
AVENIR METAL,411468366
AVIS VERIFIÉS,
AVOB,512644105
AVOLOI,753111319
AXESS VISION TECHNOLOGY,488295759
AXILUM ROBOTICS,531573376
AXL TECHNOLOGIES,899847669
AXLR, SATT OCCITANIE MÉDITERRANÉE,753642248
AXYN ROBOTIQUE,804646347
AZFALTE,889610606
AZUR DRONES,811794601
AZZURA LIGHTS,512914276
BACK MARKET,834103111
BACK OFFICE SERVICES,930755152
BANG BANG MANAGEMENT,753488170
BANKIN',907753735
BANQUE POPULAIRE AUVERGNE RHÔNE ALPES,605520071
BARACODA DAILY HEALTHTECH,900958059
BARBABLANKA - HENRY,832463194
BASE79,793209727
BASTILLE CYCLES,840803100
BATIR GROUP,927674820
BATVOICE TECHNOLOGIES,808942213
BAYES IMPACT,813821279
BE ENERGY,921570776
BE PATIENT,529589293
BE SPOON,521277319
BE YS HEALTH SOLUTIONS FRANCE,883464356
BE YS PAY FRANCE,883799736
BE YS RESEARCH FRANCE,500933221
BE2BILL,443222682
BEACON & EGGS,831328315
BEAM ME UP,825255821
BEAR SAS,677180127
BEE WARE,451293948
BEG INGENIERIE,478342579
BEHRING WATER,488055658
BEHRING WATERS,488055658
BEINK DREAM,951949460
BELIVE.AI,847925401
BERTIN ALPAO,504089343
BETTERFLY TOURISM,533563789
BETTERISE TECHNOLOGIES,791307309
BEWARE CYBERLABS,841248354
BEYOND RATINGS,804579720
BEYOND WORDS,892818816
BFAN SPORTS,828417303
BGENE GENETICS,800455362
BH TECHNOLOGIES,419130190
BIDMOTION,808515209
BIG COMPANY,439393000
BILAN VERT,979044955
BILHI GENETICS,751860420
BILL UP,931477426
BIM&CO,810000943
BIMCHAIN,833635816
BIO LOGBOOK,842241515
BIO POOL TECH,822208237
BIODEVAS LABORATOIRES,481637726
BIOLOGICS 4 LIFE,839980307
BIOM PARIS,819184763
BIOPHYS - SOLUTIONS,523371961
BIOSUMMER 3D,823659503
BIOTECH DENTAL,795001304
BIRDS FOR CHANGE,901883520
BKB CHEMICALS,882233000
BLABLACAR,491904546
BLISS ECOSPRAY,889870283
BLOCKCHAIN PARTNER,818906646
BLOCKCHAIN.IO,908172851
BLOCS ET COMPAGNIE,828399915
BLUE - LE GRAND MÉNAGE !,888151925
BLUE BEES,878352558
BLUE FROG ROBOTICS,802107748
BLUE RIDGE LOGICIELS,812533693
BLUE VALET,810528000
BLUEKIWI SOFTWARE,491219457
BLUEMARKET,910331859
BLUESET,912529922
BLUESQUARE.IO,810390179
BNP PARIBAS,662042449
BOA CONCEPT,752025908
BOBEE SPOT,878521491
BODY CAP,537927733
BODYSENS SAS,850590886
BONNEGUEULE,790674873
BOOK VILLAGE,889215117
BOOSTRS,827963836
BORDER 6,
BOTCUP,889967451
BOUNDLESS DIGITAL,797913779
BOVLABS SAS,840501332
BRAIN DYNAMIC IMAGING,798102224
BRAND AND CELEBRITIES,529297483
BREIZH FUNDING,815264619
BRENNUS ANALYTICS,818315459
BREVO (EX-SENDINBLUE),498019298
BRIQ (ACQUIRED BY SWILE),981380678
BRIQUES TECHNIC CONCEPT,840415889
BRUT.,829162395
BRYAN THINGS,804647337
BRÂAM,510188022
BRÉZAC ARTIFICES,353208564
BS SMART MEDIA,815203062
BT PHARMA,
BTU PROTOCOL,841626526
BUBBLE IT DRINKS,884141771
BUBBLE PLAN,809543960
BUDDI FLASHCARDS,921169298
BUFFET CRAMPON,445363518
BUREAUX A PARTAGER,789597317
BUSINESS ENGLISH WITH CHRISTINA,920857299
BUSINESS FRANCE,451930051
BUSINESS FRANCE - LA FRENCH TECH,880870324
BUSINESS FRANCE AUTOMOTIVE,451930051
BUSINESS LEAD,798653820
BUSINESSFIRST,
BUTTERFLY JOB,917937898
BUTTERFLY.AI,429105877
BYPASS SOLUTIONS,889427795
C'TROP FOOD,
CAD INTEROP,514157858
CADFEM FRANCE SAS,851721845
CAELI ENERGIE,892264805
CAIRN DEVICES,822125183
CAISSE D'EPARGNE,382900942
CAISSE D’EPARGNE RHONE ALPES,384006029
CALLR,528684079
CALY TECHNOLOGIES,807542212
CANDIQUEST,900991928
CAPSIX ROBOTICS,811717965
CAPSUDEV LAB,914237813
CAPSULE CORP,883553356
CAPTAIN CONTRAT,798098430
CAPTAIN CROWD,813183977
CAPTAIN DATA,838098598
CAPTAINCYBER,839061165
CAPTÉ,900919457
CARAVEL PENSION,909583742
CARBON WATERS,833714694
CARBONE350,853442937
CARROSSE ROYAL,833337629
CARTESIAM.AI,822070876
CARTHA SYSTEMS,881927099
CASE LAW ANALYTICS,832045827
CASHLAB,807662515
CCI GRENOBLE,183830017
CDFI 3D,890330087
CEA GRENOBLE,775685019
CEDRAT TECHNOLOGIES,310416334
CELL ALTERNATIV,884881947
CELL TEREO,
CELL&CO BIOSERVICES,751930318
CELLPROTHERA SAS,504305855
CENOTELIE OPERATIONS SAS,841023674
CENTRAL SQUARE,
CENTRALE LYON,
CERAM HYD,484573761
CERBA HEALTHCARE,897725438
CERTIDEAL,813979036
CG PROJECT MANAGEMENT,818427460
CH STUDIO,901005843
CHAINTRUST.IO,842804858
CHAMBRE DE COMMERCE ET D’INDUSTRIE DE GRENOBLE,183830017
CHAMPERCHÉ,832371835
CHAMPOLLION AVOCATS,794325480
CHARGEGURU,838074870
CHECK IN GREEN,820866190
CHEERZ,533961334
CHO POWER,507787000
CHOISIR.COM,
CHU GRENOBLE ALPES,263800302
CIC LYONNAISE DE BANQUE,954507976
CIL4SYS ENGINEERING,811844935
CIMBA DIGITAL CONSTRUCTION SOLUTIONS,842952830
CIP SYSTEMS,819291972
CIRCL LABS,912699972
CIRCULAR IMPACT,884072679
CITEAZY,418406021
CITY TAPS,811732700
CIVICPOWER (CP),891785263
CLAC DES DOIGTS,810580514
CLAIREMENT WEB,885002238
CLARILOG FRANCE,538179060
CLEANPART FRANCE,444440358
CLEM',519450209
CLESSE COMPAGNIE LYONNAISE D’ÉTUDES ET DE SERVICES EN SYSTÈMES ÉLECTRONIQUES,331975516
CLEVER CLOUD,524172699
CLEVERM8,899348577
CLIC AND WALK,539839761
CLIC2BUY,948814223
CLICK AND LIVE,910319920
CLICKNCOM,791581531
CLIMPACT DATA SCIENCE,853399798
CLOCKTWEETS,
CLOUD INVEST,933614851
CLOUDSKIFF,852358159
CLOUDTDMS,909277097
CLP – CLUB LASER ET PROCÉDÉS,392862892
CLUE ME,803634823
CLUSTER LUMIÈRE,505345835
CMB MEDIA - UN-RUBAN.FR,750988990
CNEXT CONSULTING,812197721
CNRS ALPES,180089013
CNXT INDUSTRY,912244621
COACH FOR EYES,821660446
COATING PLASMA INDUSTRIE,437825474
COBBAÃ¯,
COBUY SOLUTIONS,529209983
CODA SYSTÈMES,901630145
CODING PARK,840394449
CODINGAME,750538613
CODISTAI,852738798
COFLUENT DESIGN,448116186
COGNILEARNING,519206635
COGNITIVE ENGINES,848902821
COGNIX SYSTEMS,444724462
COLDWAY TECHNOLOGIES,844929406
COLIBREE INTERGENERATION,852807544
COLIS PRIVE,391029345
COLLECTIF ÉNERGIE,893269670
COLLECTIVE.WORK,534714605
COLLOCK,815056130
COM NETWORK,480937366
COMBO (EX-SNAPSHIFT),824242877
COMM'UNE OPPORTUNITE,848529855
COMMANDERS ACT,527730782
COMMON CENTS,528702152
COMMOPRICES,921675500
COMMUNAUTÉ DE COMMUNES LE GRÉSIVAUDAN,200018166
COMMUNAUTÉ D’AGGLOMÉRATION DU PAYS VOIRONNAIS,243800984
COMPAAS,
COMPARECYCLE SAS,533616983
COMPPAIR,
COMSOL FRANCE SAS,440161958
CONEXANCE MD,489496331
CONNECTED CYCLE,799135603
CONNECTHINGS,499177582
CONNECTING FOOD,823043039
CONSEIL NATIONAL DU NUMÉRIQUE,
CONTAINOUS,818103475
CONTENTARMOR,818627580
CONVERSION BOOSTERS,833974124
COOK ANGELS,789563806
COOL & WORKERS,889476545
COOL ROOF FRANCE,981085962
COOLTECH APPLICATIONS,449679109
COOTAL,
CORLIEVE THERAPEUTICS,878872589
CORTUS SAS,484893763
COSMO TECH,523175644
COURBON SOFTWARE,584501563
CPME 38,300758943
CR MEDIA,513568519
CRAFT AI,811719715
CREATIVE INFORMATION TECHNOLOGY,421315144
CREATIVE IT,421315144
CREATIVETECH,
CREATIX 3D,793283680
CREME DE LA CREME,
CRI4DATA,839318037
CRISTAL INNOV,479696445
CROSS DATA,845209014
CRYO PUR,811286178
CRYPTONEXT SECURITY,851589770
CRYPTOR STUDIO,948984810
CRÉDIT MUTUEL,352406748
CS TECHNOLOGIES,909505588
CSN ENERGY,752991992
CUEILLETTE URBAINE,822419123
CULTURES ET COMPAGNIES,841645724
CUSTOMER MATRIX,
CUURE,849602917
CVC IT,792715765
CY MIND,891845414
CYBERIA (GROUPE BUSINESS PLUS),388055679
CYCLE UP,833056195
CYCLEUROPE INDUSTRIES,854800422
CYCLO POWER FACTORY,830246799
CYTUNEPHARMA,500998703
D'UN SEUL GESTE,837655125
D.A.T.E (DÉVELOPPEMENT ET APPLICATION DES TECHNIQUES DE L’ENERGIE),
DAILY D'INITIÉS,801467911
DANC.R,920177763
DANDELION TECHNOLOGIES,889641262
DATA DYNAMIC SYSTEMS,329324792
DATA IMPACT,913121018
DATA LEGAL DRIVE,839793791
DATA SCIENCE EXPERTS (DSE),881104699
DATA SOLUCE,911568137
DATA VIBES,831814975
DATA&CO,893620898
DATABERRIES (FORMERLY TEEMO),805138153
DATAEUM,
DATAFARM ENERGY,894037845
DATAFARM.IO,879475234
DATASEALED,952255800
DAVID VAZQUEZ,882562648
DAY BY DAY,428789051
DBV TECHNOLOGIES,441772522
DEDIENNE SANTE,339138638
DEEP ALGO,822060810
DEEPOR,821875705
DEEPSENSE,838971406
DEFACTO TECHNOLOGIES,449565241
DELAPLACE.PRO,824798094
DELIVER.EE,799305388
DELTA CONCEPT,490967569
DELTA RM,793450131
DEMAND SIDE INSTRUMENTS,794619791
DESIGNERS+,497678235
DESINFECTION TECHNOLOGIE SOLUTION,887908929
DIAGRAMS TECHNOLOGIES,852560168
DIAL ONCE,814431102
DIATLY (YUVA),487651085
DICI DESIGN PARIS,481748481
DIGIMOBEE SAS,793002908
DIGITAL EFFERVESCENCE,790394407
DIGITAL INNOVATION HUB DÜSSELDORF/RHEINLAND GMBH,
DIGITAL LEAGUE,829387380
DIGITAL PRODUCT SIMULATION,411958937
DIGITALE BOX,932676968
DIGITALRECRUITERS,534776349
DIMO MAINT,510268337
DIRECT MARKET,841203474
DIVERCHIM CDMO,832465892
DIVERSION CINEMA,822173613
DJIONI DEV,851985754
DL SOFTWARE,445053937
DM ENGINEERING,949457949
DM TECHNOLOGIES,490577384
DO YOU DREAM UP,515374221
DO'IN3D,912849668
DOCAGE,412345225
DOCEA POWER,492108626
DOCTEUR CONSO,884334079
DOCTOSPY,
DOGAMI,901205740
DOLIST,432711521
DOLPHIN SEMICONDUCTOR,932368764
DOMOSOLARIS,792399305
DOSSIER COMPLET,
DPO CONSULTING,817754138
DRACULA TECHNOLOGIES,538758236
DREAM ACT,814383832
DREAM CATCHER SALES,810456244
DROITISSIMO,513416743
DRONE HIVE,820049666
DRONE INDOOR,821284338
DRONE INTERACTIVE (INTENT),834814394
DSNA SERVICES,120064027
DSO INTERACTIVE,821693918
DSV – LE DOMAINE SKIABLE DE VALMOREL,306689225
DUBBING BROTHERS,350436028
DUOBRUSH,
DURABILIS RSE,917816332
DUST MOBILE,831238704
DYDU,515374221
DYNACURE (FLAMINGO),817666217
DYNAMIC VIEW,448661199
DYSLEXIC SCREEN,
DYVEM LOGISTICS,820028660
E 3 D - ENVIRONNEMENT DEMANTELEMENT DEPOLLUTION,494814403
E.RE.C.A INGÉNIERIE EN ÉLECTRONIQUE ET INFORMATIQUE EMBARQUÉE,383430279
E2I SOLUTIONS,952643567
E3D ENVIRONNEMENT,518539085
E4C SOLUTIONS,978616605
EARLY BIRDS,448692301
EARLY METRICS,804356525
EASII IC,389019274
EASILYS,521295162
EASILYS-RESTAURATION.COM,521295000
EASYEURO,833165863
EASYMOVIE,791945801
EASYQUORUM,821579299
EAUX SAINT AMAND,678800749
EBDS WIRELESS & ANTENNAS,792955064
ECE – ECOLE D’INGÉNIEURS,335042750
ECENTIAL ROBOTICS,518910419
ECHO STUDIO,821452711
ECLORE ACTUATORS,879182533
ECLOSING,518114780
ECM GREENTECH,531092302
ECO - TECHNILIN SAS,510634983
ECO ADAPT,934195322
ECO BATIMENT,
ECO GTB,794711895
ECOJOKO,824683155
ECOLE FUTEE,934280496
ECOSUN INNOVATIONS,814872511
ECOSYSTEM RESTORATION STANDARD,891908576
ECOVÉLO,981898034
ECRIN SYSTEMS,329844187
EDDS DESIGN,451363311
EDIXIA AUTOMATION,753630235
EDOKI ACADEMY,751962796
EDXACT,453103079
EEL ENERGY,537565111
EFFICIENTIP,411770563
EFFIMUNE SAS,494370778
EGERIE SOFTWARE,817640998
EITA CONSULTING,830056867
EIVER (SAVECODE),750829830
ELDOTRAVO,828827808
ELECTRIC VISIONARY AIRCRAFTS,832990790
ELISE TECHNOLOGIES,804764595
ELIXIR AIRCRAFT,808671234
ELIXIS CORPORATION,
ELPACK PHAREL,337679526
ELSALYS BIOTECH,792623373
ELYSE ENERGY,889749198
EMAP CONSULTING,978336139
EMBLEEMA FRANCE,840654545
EMERGENCE THERAPEUTICS FRANCE,877947333
EMOTION TECH,751371964
EMOTIVE MUSIK,510132426
EMPREINTE.COM,398478941
EMSPROTO,804438240
EMULATION AND VERIFICATION ENGINEERING,430450981
ENCHANTED TOOLS,901084368
ENDER OCEAN,889755518
ENERBEE TECHNOLOGY,909384455
ENERGIE IP,810214528
ENKEL SENSORS,908484520
ENNEA GROUPE,918015512
ENR'J SOLAIRE,883115958
ENTOMO FARM,801623158
ENTR'UP,805170032
ENYO PHARMA,799831011
ENYX,532030871
EP (ENERGIE PERSPECTIVE),499398253
EP TENDER,753074350
EPAAS.IO,521509380
EPACK HYGIENE (CHR NUMÉRIQUE),789845120
EPAWN,523964823
EPHYLA SAS,512447236
EPSOR,832966956
EQUALLY WORK,878561026
ERGOSANTE TECHNOLOGIE,790648851
ERIC BOMPARD,338375454
ERMA ENERGY,824565030
ERMEO,809717291
ERPRO 3D FACTORY,828584318
ERPRO GROUP,828400556
ESRF - ILL,338723919
ETABLISSEMENTS PENNACCHIOTTI,389042326
EURIS SAS,401469853
EURO COMMUNICATION EQUIPEMENT SAS,343872818
EUROFINS EAG,402473649
EUROS / AGENCY GROUP,879600096
EUROSTEP DIGITAL,880885918
EVA ENGINES,853028934
EVENTDRIVE,828182279
EVENTMAKER.IO,512747676
EVOK DESIGN,435003553
EVOLUTION ENERGIE,524834447
EXAQT WORLD,483340196
EXELIOM BIOSCIENCES,824343214
EXHAUSS (L'AIGLE),503048480
EXO PLATFORM,450511506
EXOTEC SOLUTIONS,812878742
EXPERT TELEPORTATION,902650431
EXPERTISE VISION,510714579
EXPLORA PROJECT,840594022
EXPLORAMA,
EXPREZIS,807570288
EXPWAY,433418787
EXTERNEED,890231491
EXYTE FRANCE,404164915
EYE4NIR,
EYES'R,843791179
EYESEE INVENTORY DRONE SOLUTIONS,905304952
EYEVENSYS,509397832
EYWA VISION,979199676
EZEE WORLD,531272029
F3DF,492238118
FAB PHARMA,513255380
FABCO (DAPPY),845350701
FABLAB ORLEANAIS,800970543
FABULOUS 3D,799529383
FACTONICS,825034689
FAIR & SMART,820924678
FAIR VISION,842328098
FAIRMONEY,
FAIRWAI,843387267
FANTASTIC OVEN,
FASHION DATA,850125261
FASTCONNECT,907819122
FAURE QEI,518597562
FEDERATION ENTERTAINMENT,500580493
FEED MANAGER,528978844
FEED.,821239878
FELIX & ASSOCIES,493465553
FENIX ENERGY,951437458
FERMEFUL,
FERMEFUL.COM,
FEST TECHNOLOGY INC.,977968890
FIBRES INDUSTRIES BOIS,415281401
FIELDBOX.AI,529981318
FIL & FAB,850963711
FILL UP MEDIA,527691679
FINANCE ACTIVE,531663326
FIND & ORDER,812982478
FINSQUARE,802545186
FIRE TIGER,852715887
FIRETIGER,852715887
FIRST LIGHT IMAGING,533716817
FLASH THERAPEUTICS,483390472
FLASH TRADE,887632248
FLASHBRAND FRANCE,832453906
FLYING WHALES,788658946
FOCUS ENTERTAINMENT (VIA FLCP & ASSOCIÉS),399856277
FOIL AND CO,822822615
FOLLOWANALYTICS,750901258
FONDATION GRENOBLE INP,529525669
FOODLES,807708300
FOREST ADMIN,833460751
FORMALIZI,881422641
FORSEE POWER,494605488
FORVIS MAZARS,377505565
FOULE FACTORY,803067305
FOURNISSEUR ÉNERGIE,
FOVEA PHARMACEUTICALS,334503919
FOXEET,
FRAMATOME SAS,379041395
FRANCE BARTER,804571818
FRANCE LABS DATAFARI,537588089
FRANCE TRAVAIL,130005481
FRECNSYS,791742547
FREEBE.ME,828625020
FREELANCEREPUBLIK,800965634
FRIGO MAGIC,811788231
FRIZBIZ,883928806
FRUITION SCIENCES,510193303
FUEL IT,821783222
FUELSEA (ANODINE),984696864
FULL ELECTRONIC SYSTEM,510193303
FULLSAVE SAS,451627848
FUTURE EDUCATION,844355008
G CLIPS BIOTECH,885068460
G WORK,881656797
G+LYTE,879295277
G2 MOBILITY,514933589
GALOCHE & PATIN,889638474
GAMAMABS PHARMA,793434788
GAMNED!,811272244
GAMPING.COM,
GAÏAGO,803443787
GEMINI ALLIANCE,933241564
GEN'ETHIC,381447812
GENEPRED BIOTECHNOLOGIES,751860420
GENERALEADS,480285642
GENIUS INNOVATION,750552283
GENOSCIENCE PHARMA,438910747
GENY MOBILE,529450363
GEOLITHE INNOV,822986030
GEOLYS BY TÉVOLYS,480057744
GEPS TECHNO,532828407
GERMICOPA SAS,830461570
GETPLUS,881213250
GETQUANTY,480405687
GINGER BURGEAP,682008222
GLAGLA INTERNATIONAL,512341801
GLIAL TECHNOLOGY,808659296
GLIMPS CYBERSECURITY,879230258
GLOBAL MAP SOLUTION,828614586
GLOBAL VISION,531460384
GLOBALSENSING TECHNOLOGIES (GST),848266730
GMAO MOBILITY WORK,820234599
GO HENRY (EX PIXPAY),
GOA SOFT,831637418
GOBIO - EUROPE TECHNOLOGIES,417784592
GOLDEN BEES,812622371
GOODSTEPS,903725216
GR3N SA,
GRAI MATTER LABS,820156271
GRAND ANNECY,200066793
GREEN CHARGEUR,883887481
GREEN DEV ACCESS,919193326
GREEN ON,339987448
GREEN PARK CONTENT,803203926
GREEN POINT SAS,
GREEN SCORE CAPITAL,877891341
GREEN SPOT TECHONOLOGIES,842237786
GREEN SYSTEMES,793167305
GREEN WEB,882060056
GREEN WHISPER,838954113
GREENMETRICS,887598605
GREENSPACE PARIS,823503933
GREENWAVES TECHNOLOGIES,808076582
GRENOBLE ALPES MÉTROPOLE,200040715
GRENOBLE ECOLE DE MANAGEMENT,817389141
GRENOBLE INP ENTREPRISE,804698025
GRENOBLE INP – UGA,193819125
GROUPE BBM / KELTEN / BM&A,
GROUPE DOLIAM,381324771
GROUPE IDAIA,348770561
GROUPE SPOREVER - MEDIA365,432067601
GRYTICS,801542713
GUARD MEDICAL,840422281
GUARDEA CYBERDEFENSE COMMUNITY,444484133
GWAPIT,
GWIIDO,
GYD TECH,922160759
GYDTECH,922160759
GÉDÉON MEDIA GROUP,413821117
H2P SYSTEMS,519115398
H2X ECOSYSTEMS,880653753
H3 DYNAMICS,827589094
H4H HUMANS4HELP,818383093
HA+PME,519215966
HAAPIE ROBOTICS,809317605
HAFFNER ENERGY,813176823
HALIAS TECHNOLOGIES,492669593
HANDI EXCELLEER,893846675
HAPPYFEED,819804261
HAPPYRENTING,815260872
HAPPYTAL,790294615
HARI & CO,808783930
HBS RESEARCH / LA PLACE DE L'IMMOBILIER,489036152
HD RAIN,839815859
HDF ENERGY,789595956
HEALTHCARDIONEXION.COM,810594648
HEASE ROBOTICS,823773932
HEATSKIN / BPSYSTEMES,
HECTOR LE COLLECTOR,884157660
HEEX TECHNOLOGIES,849073812
HELEXIA FRANCE,520397050
HELION HYDROGEN POWER,435050737
HELLIOGREEN TECHNOLOGIES,838429645
HELLO ALIX,831249891
HELLO PLANET,838921468
HELLO WATT,820585123
HELLOCSE,829190248
HELLOGLU,832486765
HELLOMYBOT.IO,829545896
HELLOPRÊT,837975473
HEWLETT PACKARD ENTERPRISE & NVIDIA,479973455
HEWLETT PACKARD ENTERPRISE (HPE),798405692
HEYAXEL.COM,
HEYTALENTS FRANCE,821322906
HIDDEN MARKET,831526934
HIFLOW,788605475
HIGH DESIGN TECHNOLOGY,390778769
HIGH SIX,890801152
HIVEBRITE,753391713
HO KARAN,811383405
HOGO BUSINESS SERVICES,822653143
HOJI VENTURES,
HOLISTICK MEDICAL,834146581
HOLOFORGE INTERACTIVE,443752795
HOLOOH,822183737
HOMA GAMES,853547644
HOME BIOSCIENCES,878721059
HOME POTAGER,820360360
HOMECAMPER.COM,811050434
HOMEEXCHANGE,327194106
HOMEPILOT,823949813
HOMEPULSE,853317626
HONESTICA,809854060
HOOTSIDE STUDIO,830980280
HOTBLOCK ONBOARD,539134304
HUAWEI TECHNOLOGIES FRANCE SASU,451063739
HUBUP,818521551
HUH SCHOOL,817410467
HUMAN CODERS,539998856
HUMAN PREDICTIVE INTELLIGENCE,483199576
HUMANPERF SOFTWARE,454070715
HUMANROADS,817446800
HUMANS MATTER,451130744
HUMIND SCHOOL,838797256
HUNTOOL,832190516
HURENCE SAS,532001146
HXPERIENCE,808623854
HYDRAO,814127148
HYMAG'IN,847540416
HYMAGO ENERGIE,851673566
HYMAG’IN,847540416
HYPERPANEL LAB,337773691
HYPERVISION TECHNOLOGY,794874982
HYPNO VR,823512561
HYSEAS ENERGY,814697215
HÉPHAÏSTOS,928160878
I CLEAN MY SEA,849238233
IBAT SOLUTION,977980820
IC GREEN,909927154
ICARE TECHNOLOGIES,819695396
ICEBOARD,
ICTYOS,841695232
IC’ALPS,837902444
ID CITY,811548759
ID PARTNER,488866971
ID3 TECHNOLOGIES,377846951
IDEAL FACTORY,881117089
IDEC HAUTES TECHNOLOGIES,450229794
IDEEL GARDEN,853492817
IDELINK,
IDYLLIC TECHNOLOGY,835003971
IFOLLOW,828153924
IGNIMOTION,530017276
IIN MEDICAL,534015029
IL ETAIT PLUSIEURS FOIS,824274112
ILLUMO ROBOTICS,892634692
ILYA OLD,528513070
IMAGIN VR,840529630
IMEON ENERGY,792345647
IMMERSIVE EXPERIENCE,841463300
IMMERSIVE FACTORY,821839040
IMMUNRISE BIOCONTROL FRANCE,824165377
IMPACT PLUS,887674901
IMPACT+,887674901
IMPACTVEST LTD,
IMPAK FINANCE FRANCE,842329906
IMPALA HUB FRANCE,951406974
IMPETO MEDICAL,907929103
IMPEX FOOD,753322916
IMPULSION38,393524632
IN THE MEMORY,843728429
IN&MOTION,805388329
IN'AIR SOLUTIONS,794458075
INCEPTIVE & OCI,833016504
INCEPTO MEDICAL,834926131
INDDIGO,402250427
INDEPENDENT LIVING BASE,877692798
INEAT GROUP,491430112
INEON BIOTECH,833734825
INESO EUROPE,803803642
INETUM SOFTWARE FRANCE,340546993
INFICON SARL,432644482
INFINITRI,833361926
INFLOWS AI,
INGENIUS LAB,841337389
INNATE PHARMA,424365336
INNOV'ATM,800747446
INNOV'ORGA,507749000
INNOVA ADVANCED TECHNOLOGIES,891441453
INNOVA FINANCE,809974801
INNOVATION MAKERS ALLIANCE,813938552
INNOVSANTE,
INPI,180080012
INSA LYON – INSTITUT NATIONAL DES SCIENCES APPLIQUÉES,
INSTAR ROBOTICS,839277175
INSTAVOX,
INSTITUT LYFE,
INTENT TECHNOLOGIES,532829561
INTERLUDE SANTÉ,513413955
INTERNATIONAL BOOST,522896273
INTERNET OF TRUST,799995998
INTERVIEWAPP,521975409
INTRANET INSIDE,433115904
INTUIFACE,442492583
INTUITION ROBOTIQUE & TECHNOLOGIES,952439289
INTUITIVE ROBOTS,800876237
INUSE,809999188
INVEST IN LYON – ADERLY,
INVIBES ADVERTISING,537450140
INVIRTUS TECHNOLOGIES,835306259
INVIVOX,813123486
INWEBO,503562381
INZPOK,881981591
IOD SOLUTIONS,889535134
IOGS – INSTITUT D’OPTIQUE GRADUATE SCHOOL,784616989
IOLOGO SOLUTIONS,889535134
IOMT AURA,
IONENERGY,918509381
IOT BZH,812383370
IOTHINK SOLUTIONS,819582537
IPAIDTHAT,829997451
IPM FRANCE,
IRAM - INSTITUT DE RADIOASTRONOMIE MILLIMÉTRIQUE,316501238
IREIS – INSTITUT DE RECHERCHES EN INGÉNIERIE DES SURFACES,395294796
IROC TECHNOLOGIES,428924732
ISITEC INTERNATIONAL,442336079
IVÈS,491370995
IWD RETAIL SOFTWARE,429080526
IZBERG MARKETPLACE PLATFORM,750230393
IZIDORE - LA SECONDE VIE DES MEUBLES,
JADE - JARDIN & AGRICULTURE DEVELOPPEMENT,339653735
JAGUAR NETWORK,439099656
JAI - THE JOBS AI,
JARVIS LEGAL,791077555
JASTEC FRANCE,810994681
JAY ELECTRONIQUE,300032380
JELLYBOT BY DEVOLIS,
JENESUISPASUNCV,852695741
JESSICA FRANCE,382765410
JFM CONSEILS,435404660
JIB SMART HOME,837888403
JK GROUPE,751713454
JOB MINUTE,812963759
JOB STORY,883799603
JOBSET.IO,820557676
JOONE,824500797
JUBIWEE,819925355
JULIE DESK,852903624
JUNE AVOCATS,894697291
JUNGLE VR,831778071
JUNIDAN,
JURISCLOUD,804369676
JUST MINING,829840735
KAIZEN SOLUTIONS,799348255
KALIMA BLOCKCHAIN,911803880
KALIMA SYSTEMS,749951927
KAMP'N,533989257
KANTREE,812479806
KAPTAIN COWORKING,424761419
KEEPTRACE,820511962
KEESEEK,807956834
KEJAKO FRANCE,840766885
KELENN TECH,481787299
KELTEN AVOCATS,434705794
KEOPASS,440930105
KEOPLE,799073655
KEY INFUSER,811990928
KEYNEOSOFT,501236046
KICKLOX,810669754
KILASYSTEMS,
KILI TECHNOLOGY,843210014
KIPOYA,841069750
KISS KISS BANK BANK,512211004
KMTX,828539809
KNOCK KNOCK,893491639
KOBAN, CRM FRANÇAIS AUSSI BON SUR LA FACTURATION QUE SUR LE MARKETING,832922918
KOEO,513594770
KOKOROE,801335191
KOKUN FRANCE,883650327
KOMPASS SA,395162738
KOMPOZITE,344831136
KOVALEE,884077272
KPULSE,921187282
KREEZALID,830961942
KURANDA LABS,832452775
L'AGENCE PIGMENT,890563075
L'ATELIER,819731860
L'EFFET PAPILLON,830446548
L'INTENDANCE,
LA BELLE ASSIETTE,539146290
LA BICHE RENARD,819601196
LA BOUCHE ROUGE,825073091
LA CERISE SUR LE GATEAU,
LA COMMUNAUTÉ DES ENTREPRENEURS,897656823
LA FABRIQUE DU FUTUR & CO,840294706
LA FORGE,
LA FOURCHE,839765062
LA FRENCH FAB,382726479
LA GIRAFE,791690530
LA GRANGETTE,838589489
LA JAVANESS,812078319
LA NOTE BLEUE,
LA PAUSE BASKETS,834090607
LA PIRATERIE,
LA RUCHE,
LA RUCHE QUI DIT OUI!,528203755
LA TANNERIE VÉGÉTALE,887887636
LA TOUCHE MUSICALE,882298300
LA TRIBU,929906238
LA VIE EST BELT,843071614
LAB'STORIES,883141210
LABEL EMMAUS,821489002
LABORATOIRES INELDEA,421472143
LABS EXPLORER,837664739
LACLARÉE,820569218
LACROIX ELECTRONICS,409064151
LAMPI AI,978788347
LANGUAGES.AI,
LAYER®VAULT,
LBPI SAS,977684596
LD SONORE,534813480
LDI - INNOVATION FOR PROTECTION LOURD'INNOV,539806018
LDLC VR STUDIO,802162321
LE BON PRODUIT AU BON ENDROIT - BPBE,
LE CAB,833205081
LE CAMPUS NUMÉRIQUE IN THE ALPS,831866355
LE CHEMIN DES MÛRES,853831758
LE CLOSET,799684246
LE CLUB DES ENTREPRISES DE L’UNIVERSITE SAVOIE MONT BLANC,
LE CONTAINER,
LE COURT CIRCUIT,523010635
LE FRENCH POC,852866813
LE GRAMME,789713823
LE KABA,880849385
LE LAPTOP,538779828
LE PAVÉ,978809713
LE SONDIER,812250165
LE VILLAGE BY CA,
LE WAGON,794949917
LE WAGON FOR BUSINESS,898451257
LEARN & GO,824814982
LEFT ANGLE,878675198
LEGAL PILOT,830117735
LEGAL TOOLS,810704932
LEGALIFE,751555723
LEGALSTART,753892926
LEGRATIN,
LEMON LEARNING,804148211
LENA CLOUD,895163376
LEOSPHERE,452972649
LES 3 CHOUETTES,819733833
LES 3 COLONNES,
LES AFFRANCHIS(E),809710650
LES AGENCES DE PAPA,878379940
LES ALCHIMISTES,824298343
LES ALCHIMISTES OCCITERRA,839230166
LES COSMÉTIQUES FRAIS,824648836
LES DEEPTECH,878052786
LES DRECHEURS URBAINS,852428325
LES EAUX VIVES EMMAÜS,318964103
LES ENTREPRETEURS,805291317
LES FURETS,789198041
LES GRAPPES,840698757
LES JOYEUX RECYCLEURS,795087261
LES MARMITES VOLANTES,901093914
LES MINI MONDES,531372456
LES NOUVEAUX AFFINEURS,829430370
LES NOUVELLES FERMES,884979253
LES OIES DU CYBER,922089628
LES OPTICIENS MOBILES,803554245
LES PETITES CHOSES,878031590
LES PETITS BIDONS,838579043
LES PETITS CULOTTES,841445588
LES RAFFINEURS,
LES RIPEURS,831894134
LES TALENTS D ALPHONSE,830858064
LES TROIS TRICOTEURS,890898513
LET'S CO,842930760
LETTRIA,835074857
LEVIA.AI,894137561
LEVIATHAN DYNAMICS,824215537
LGO EXCHANGE SAS,842543159
LIAISON R&D,979471505
LIANELI,
LIFE 01,843922113
LIFE DESIGN SONORE,953934353
LIFE PLUS IO,814391744
LIFE!,
LIFY AIR,843871146
LIGHTING SEO,
LILIAL SAS,449492651
LIMA TECHNOLOGY,538742669
LIMITED RESELL,884513961
LIMONADE & CO,749842464
LINEUP 7,810386110
LINGUA CUSTODIA,534422662
LINKING THERAPISTS,893074997
LINKX ROBOTICS,905346011
LISTEN LÉON,842235533
LISTO PAYE,839617593
LISTO PAYE (EX-LISTO),839617593
LISY.CO,894759182
LITA.CO (EX 1001PACT),752360401
LITESENSE,
LITHIUM DE FRANCE,891015703
LITTLE BILL,840297436
LITTLE CIGOGNE,789948155
LITTLE JOHN,930449251
LITTLE SYSTER,883025074
LITTLE WORKER,820334951
LIVE ME UP,895234797
LIVE VENDOR,953227014
LIVEJOURNEY,
LIVEMENTOR,752946863
LIVENAT LABORATOIRE D'INNOVATION ET DE VALORISATION D'ELEMENTS NATURELS,799142401
LIVMED'S,881600456
LIXOFT,532514000
LM SPORT TOURISM,977970821
LNA PROTOTYPES,451588362
LNC THERAPEUTICS,528036817
LOAD STATIONS,920266608
LOANBASE,
LOC'HALL,891412454
LOCALLYTEAMS,802947077
LOFT ORBITAL,878678051
LOGMATIC.IO,
LOISIRS ENCHERES,801270612
LOISIRS ENCHÈRES,801270612
LOKLY,811736461
LOLA HEALTH,903952182
LOMA INNOVATION,817493273
LOOK UP SPACE,914706221
LOOKAROUN,892031063
LOOP DEE SCIENCE,829489012
LOOPSIDER,832111959
LOUERAGILE,840936744
LOUIE MEDIA,834333205
LOUISE LIFE,899142574
LOUVE INVEST,890510514
LOVE YOUR WASTE,808813893
LTUTECH,810994681
LUCKY CART ( RACHAT D'HISTORIQUES ),527865430
LUMI'IN,807940069
LUMOS APPS,884077272
LUNETTES AU LOGIS,813564747
LUXIA SCIENTIFIC,790719132
LYA PROTECT,841460645
LYBERO,818754574
LYLO MEDIA GROUP,797421682
LYMIA,789277019
LYMPE STUDIO,848177945
LYNX EDUCATE,900471053
LYRA NETWORK,434075719
LYS THERAPEUTICS,895069904
L’ENTREPRENDRE CERFRANCE,390672665
M TARGET,490990819
M&WINE,907605307
M2I LIFE SCIENCES,505355016
MA BONNE ÉTOILE,
MA COIFFEUSE AFRO,818340754
MA PETITE COUCHE,848381216
MAAT PHARMA,808370100
MABLINK BIOSCIENCE,845257930
MAC LUNCH,885327817
MADDY KEYNOTE,793843822
MADE NATURE,820439560
MADEINVOTE,821466877
MAG REESOURCE,890219520
MAGIA DIAGNOSTICS,831351796
MAGIC MAKERS,803084870
MAGIC SOFTWARE ENTERPRISES (FRANCE),394425045
MAGILEADS,848746632
MAGILLEM DESIGN SERVICES,492681671
MAGMA TECHNOLOGY,839898467
MAGPIE POLYMERS,530510528
MAGREESOURCE,890219520
MAHOU STUDIO,828627711
MAIA MEDICAL TECHNOLOGIES,953554508
MAILCLARK,808613000
MAIN GAUCHE,503851453
MAISON HÄDENN,888312394
MAISON J.U.S.,834204406
MAISON SASSY,797839578
MAJOR CORP,894689975
MAK POWER,840022958
MAKE ICI,830390506
MAKE IT MARSEILLE,810662593
MAKE THE LINK,804286896
MAKEMEREACH,517413969
MANAGERDETALENTS,809760051
MANGER NU,811924893
MANOMANO,752979930
MANUTECH USD,753487164
MAO BOA,853322733
MAPATHO,844693085
MAPPING CONTROL,490146958
MAPUI.FR,817698061
MAPWIZE,802884338
MARCHÉ-PRIVÉ,
MARGUERITE & CIE,902332444
MARGY PERFORMANCE,879790590
MARIA SCHOOLS,880477161
MARIE QUANTIER,537393985
MARKET INVADERS,804212678
MARKETING 1BY1,798606075
MASCARA RENEWABLE WATER,800480683
MASHUP WEB,812532018
MATHA (CODING DAYS),828400333
MATVISIO,811783885
MAVENOID,
MAY HEALTH,831705751
MAZEBERRY,
MA?O BOA,853322733
MD START II,810516682
MDK SOLUTIONS,501229355
MEAL CANTEEN,817809783
MECA MAGNETIC,410435556
MECAVIN,883542771
MEDAVIZ,807414024
MEDDAY PHARMACEUTICALS,534957865
MEDECINDIRECT,508346673
MEDEF & THE PROGRESS FACTORY,
MEDENE,
MEDGO,822276986
MEDIAMAP,849444492
MEDIAN TECHNOLOGIES,443676309
MEDIATECH SOLUTIONS,
MEDIAVEILLE,424176089
MEDICAL INTELLIGENCE SERVICE,795177146
MEDICALPS,443306444
MEDICAPPCONNECT,538517103
MEDOUCINE,820020808
MEDTECH SA,442896015
MEET IN CLASS,832978340
MEET JAMMY,
MEET MY MAMA,833911738
MEETPRO,819166513
MEILLEURSAGENTS,503068306
MEILLEURSAGENTS.COM,503068306
MELETIOS THERAPEUTICS,883003691
MELTYGROUP,485007843
MEMO BANK,829226760
MENSIA TECHNOLOGIES,789458163
MENTAL APPS,
MENTAÏA,983816646
MERCAUX,
MERCI HANDY,753222124
MERCI JULIE,824513527
MERCI MAX,804275667
MERCI RAYMOND,833748908
MERCIAPP,884606328
MES ALLOCS,676720212
MESHROOM VR,828700690
MESHROOMVR,828700690
MESSORTIESCE,827736216
METABOLIC EXPLORER,423703107
METALS INDUSTRY,
METEO PROTECT,537956815
METEO*SWIFT,815244025
MF BOUGIES,508133204
MGA TECHNOLOGIES,440170561
MH INDUSTRIES,531938660
MH PRO,852412899
MICE AND HUMANS PRÉMICES.CLIK,
MICRODB,398873778
MIDIPILE MOBILITY,889863494
MIEUXPLACER.COM,922703244
MIHOTEL,
MILLE47 CONSEIL & COACHING,929073823
MILLENDO THERAPEUTICS SAS,497575621
MILLIDROP INSTRUMENTS SAS,808749873
MILLION VICTORIES,830912051
MIMO DETECT,902267459
MINATEC ENTREPRISES,452107857
MINDMATCHER,789452208
MINDSAY,822349288
MINDSAY (EX-DESTYGO),822349288
MINERVE TECHNOLOGY,843778374
MINI GREEN POWER,802741751
MINITRUCKS ROBOTICS,981902273
MINITUBES SAS,421454059
MINMAXMEDICAL SAS,508333101
MINOS BIOSCIENCES,880794714
MINSIGHT,982855835
MINT BIKES,885021287
MINT ENERGIE,422716878
MINTEED LAB,913889945
MINUIT UNE,482035367
MINUIT UNE (,482035367
MINUT'PASS,811812098
MIP ROBOTICS,811323849
MIRATLAS SAS,839239498
MISSION FRENCH TECH,110020013
MISSION INNOTECH,750988263
MISSION RGPD,852903269
MISTER FLY,807712690
MISTER IA,977834928
MISTERFLY,807712690
MISTRAL AI,952418325
MITHRIL SECURITY,898703582
MITRUST,842232878
MIUM LAB,848431003
MK ICE,532325727
MLSTATE,499630408
MN SANTÉ (EX NOUVEAL E-SANTÉ),795280783
MNEMO THERAPEUTICS,844975755
MOB ENERGY,843868555
MOBEE TRAVEL,824986947
MOBEN & ROOSTER,821932795
MOBIBOT,
MOBILE.CLUB,839244266
MOBILEIT,487637886
MOBILITY WORK,820234599
MOBIUS RÉEMPLOI,832333710
MODJO COSMETICS,851921015
MOI J'DIS...,933125841
MOICHEF,808587844
MOJA RIDE,
MOJO BY NANOVARE,827964578
MOLAC LAURENT TUITO,838582229
MON CHASSEUR IMMO,750668790
MON COPILOTE,821160611
MON HANGAR,894387414
MON MAÎTRE CARRÉ,807710215
MON PETIT CE,884425687
MON PETIT PLACEMENT,831051453
MON SUPER VOISIN,820538007
MONBANQUET,831001334
MONEWAY,834585531
MONEY WALKIE,905399341
MONKEY FACTORY,802619866
MONKEY TIE,811881457
MONOMERIS CHEMICALS,
MONSIEUR BARBIER,797460235
MONSIEUR PEINTURE,822350294
MONSIEURGOURMAND.COM,900539073
MOOD EDITION,477931414
MOODWORK,812650992
MOON HARBOUR,800012304
MOON SURGICAL,851436188
MOONCARD,818620783
MOONSHOT INSURANCE,828572057
MOONSHOT INTERNET,828572057
MORALSCORE.ORG,
MORNING COWORKING,811806215
MORPHISEC,
MORPHO LABS,902498492
MOTA COWORKING,817916687
MOULINOT COMPOST & BIOGAZ,798298899
MOVE & RENT,838584837
MOVE YOUR BUDDY,818081424
MOVE'N SEE,531299246
MOVE'N'SEE,531299246
MOVER SAS,987524733
MOVEYOURBUDDY,818081424
MOVIN'SMART,833487432
MOÏZ,881439947
MR SURICATE,814768321
MRSURICATE,814768321
MULTIMECHANICS,
MULTIMÉDIA SOLUTIONS,422724997
MULTIWAVE IMAGING,822611992
MULTIWAVE INNOVATION SAS,822611992
MURENA SAS,840996516
MUSIC UNIT,452330517
MUSICWORLDMEDIA,513627299
MUST B2B METAVERSE,
MY BAND MARKET,804764595
MY BEEZ BOX,494138589
MY BRAZIL FACTORY,815082029
MY COACH SPORT,802661678
MY DIGITAL BUILDINGS,849917695
MY EASY TRANSFER,
MY EXPRESS DRIVER,889366985
MY FLYING BOX,538645227
MY GREEN CAR,934677964
MY JOB GLASSES,817465552
MY JOLIE CANDLE,798097598
MY LITTLE PRESSING,878768043
MY LOVELY PLANET,478881477
MY LUCKY DAY,479340275
MY MONEY TIME,802574228
MY MOOC,818642134
MY PHARMA COMPANY,751545807
MY RETAIL BOX,792793341
MY SAM,820997070
MY SPORT MARKET,
MY TRAFFIC,814849113
MY UNISOFT,840143275
MY WEEKEND FOR YOU,
MYAGO 3D,889089975
MYBROCANTE,821634763
MYBUS,397855792
MYCRONIC SAINT-EGRÈVE,451028567
MYEASYFARM,833246085
MYELEFANT,524353299
MYELINE SERVICES,832825715
MYFIT SOLUTIONS,837707769
MYGLADYS,
MYJUGAAD,839991619
MYLIGHT SYSTEMS,800773483
MYLOISIRS.COM - ARMANCE SAS,534390893
MYMERRYS,
MYMINUTETRIP,
MYPOCKET,752114645
MYPOSEO,521362822
MYR.AI,878893189
MYSENDINGBOX,829125988
MYSKILLCAMP,832505861
MYSOFIE,831001334
MYTELEWORKER,340422799
MYTRAFFIC,814849113
MYZEE TECHNOLOGY,810663849
MÉDIA PARTICIPATIONS,391214905
MÉDIACITÉS,823005319
MÉGO!,828153718
MÉTHANOR,539411090
MÉTROPOLE DE LYON,200046977
MÊME PAS CAP,843929951
MÖKKI,848379376
NAALI,902593352
NABL,911338465
NABOOK,
NADUVI,
NAIO TECHNOLOGIES,538138033
NAJAR ( EX - WELII ),
NAMAKI COSMETICS,794719286
NANNYBAG,817899305
NANO CORP,852597905
NANOMADE LAB,878882067
NAOX TECHNOLOGIES,841307069
NAP&UP,824004485
NAPOLEON CRYPTO,833353212
NAT EXPLORE,842888166
NATEO HEALTHCARE,821544285
NATHALIE BLANC PARIS,539924464
NATION DATA CENTER,891257701
NATIVE SPACES,508237112
NATIXIS PAYMENTS,345155337
NATURAL GRASS,513852640
NATURAÉ FRANCE,880024989
NAVAL ENERGIES,790256671
NAVILY,810544742
NAWA TECHNOLOGIES,792701518
NAWATECHNOLOGIES,792701518
NAWU DIAGNOSTICS,937831493
NAÏO TECHNOLOGIES,538138033
NBOLD,
NCODE.AI,835188525
NDMAC SYSTEMS,790614788
NEAMETA,
NED ENERGIE,792170342
NEEDELP,
NEMMÈS,
NEO BY NATURE,
NEO FORMA,791297120
NEOFARM,980676258
NEOFI SOLUTIONS,488351594
NEOJOBS,803847300
NEOLINE DÉVELOPPEMENT,813387933
NEOLYS DIAGNOSTICS,883521601
NEPTUNE ELEMENTS,894559426
NEST34,
NESTORE GREEN TECHNOLOGIES,817414899
NESTWAVE,805359825
NETWORKING PREMIUM GROUP,981625494
NEUROCHAIN TECH,983199811
NEUROSNOOPER,
NEW CARD,821766961
NEW IMAGING TECHNOLOGIES,494135841
NEW TALES,909289977
NEWZIK,525205514
NEXT NEUROTECH,918704024
NEXT STATION,842888265
NEXTBIOTIX,824343214
NEXTENEO,882828726
NEXTFLOW SOFTWARE,812220788
NEXTO SAS,480650712
NG BIOTECH,752130831
NH THERAGUIX,815260278
NIAGARA TECH SAS,891938383
NICÉPHORE CITÉ,912739075
NIIWAA,892195561
NIMBL'BOT,841715303
NIREA (FORMERLY BIGARREN BIZI),
NOBLE.AI,
NOCRM.IO,504497215
NOCTURNE GAMES,949301717
NODEA MEDICAL,535090252
NOMAD EDUCATION,533327128
NOMAD HOMES,889928214
NOMADEEC,443685573
NOMADEEC BY EXELUS,443685573
NOMADMUSIC,444144737
NOMADPLAY,801364308
NONNA LAB,850115189
NORMANDY BIOTECH,792482762
NOSSA!,808864631
NOSTRUM CARE,878918366
NOT SO DARK,821937380
NOTILO PLUS,818400145
NOUGA ASSURANCES,828323618
NOUVEAL E-SANTÉ,795280783
NOUVELLES TRIBUS,888657558
NOVA CARBON,979733920
NOVADE SOLUTIONS,834167744
NOVAKID,949407910
NOVAPOST,977715671
NOVO SENSO,852126150
NU!,
NUMA HEALTH,851781963
NUMERIAL GROUP,791575566
NUTRI&CO,825396492
NUTRI'BOX,
NUTRI'EARTH,830614376
NUTRIEARTH,830614376
NUVEE,
NUXT'S,828193722
NV GALLERY,818045585
NVH MEDICINAL,509118998
NW GROUPE,853652931
NÉMÈS PARIS,839885373
NÉOLITHE,847631207
NÉOSYLVA,843567215
NÜAG - L'ASSEMBLÉE NUMÉRIQUE,828559427
NÜRI,889760104
N?MI,
O'CLOCK,818614588
O2KEM,538730771
OB'DO,790838726
OBERON SCIENCES,895369932
OBI PARTNER,980639926
OBJOW,852715887
OBO WORLD,913219184
OBYPAY,819547324
OCEAN DATA LAB,792395923
OCEAN DIAGNOSTICS,849349642
OCEAN DX,849349642
OCEAN SKILLS,843059338
OCEAN SOLUTION ENERGY,837920586
OCEAN WINGS,843204603
OCTO GAMING,844094540
OCTOLY,491372090
OCTOPIZE,839370681
OCTOPUS LAB,830808424
OCULAI GMBH,
ODASEVA TECHNOLOGIES,751464264
ODC INDUSTRIES,804495661
ODESYO SAS,832573745
ODIHO SOUND ON DEMAND,833667371
ODIMMA THERAPEUTICS,830516076
ODO SMART SYSTEMS,534012083
ODYSSEE ENVIRONNEMENT,488697640
OFFICE SANTÉ,530460120
OFFICINE GÉNÉRALE,750191611
OGO SECURITY,837907336
OH BIBI,752458240
OH MY CREAM !,751427527
OHM ENERGIE,834673808
OKEENEA DIGITAL,848981809
OKULAR LOGISTICS,931463103
OLD SKULL GAMES,753486877
OLEA MEDICAL,505251355
OLEAN GROUP,853504181
OLIMPE TECHNOLOGIES (SAS WINDWEST),812669638
OLINO (EX-RISKEE),512242728
OLY BE,814287470
OLYNTEC,
OMA S A S,349869297
OMAHA INSIGHTS,
OMIE & CIE,881598940
OMINSENSE,879478402
OMNES CAPITAL,428711196
OMNI DESIGN,834931321
OMNILIVE,532150489
OMNY AI,914244181
ON THE WILD SIDE,842016123
ON TRAIN,843981473
ONA THERAPEUTICS,B67371484
ONAFIS,838011021
ONATERA,530267343
ONBOARD MANUALS,792016016
ONCE AGAIN,504483579
ONCRAWL,792261794
ONE BIOSCIENCES,884033531
ONE EXPERIENCE,824187579
ONE ORTHO,795284355
ONE WAVE,821237815
ONESTOCK / DEVATICS,529042376
ONETOMANY - DIGITAL RECRUITMENT,980972335
ONEWAVE,821237815
ONEXPENSE,793220914
ONLY DUST,813002904
ONOPIA,794702662
OOHEE.CO,
OOLUTION,533149712
"OP2 DRUGS SAS (""OP2""),810613240"
OPALE ENERGIES NATURELLES,840440218
OPEN AGENDA,809346158
OPEN AGORA,825109465
OPEN DIGITAL EDUCATION,528784325
OPEN LAKE TECHNOLOGY,840023592
OPEN LOWCODE,851461707
OPEN MIND INNOVATION,818971111
OPEN SESAME,910850908
OPEN SOURCE POLITICS,820412161
OPEN STENT SOLUTION,842621096
OPEN UP,337871636
OPENAIRLINES,493038707
OPENCELL SOFTWARE,810129411
OPENEAT,911546789
OPENHEALTH COMPANY,27350321
OPENOOX,808228720
OPERA ENERGIE,808096119
OPERA TECH,951927888
OPM FRANCE,397654104
OPN TV,890843642
OPTIMETRIKS (FIELDPRO),808898340
OPTIMIZ CONSTRUCTION,884985722
OPTIMIZ NETWORK,898451760
OPTIMUM AUTOMOTIVE,490146958
OPTING ENVIRONMENT,821467032
OPTO FRANCE,509041604
ORAKL ONCOLOGY,948448972
ORDIETIK,919575761
ORDIETIK BY TECH CARE INFORMATIQUE,919575761
ORGANILOG,804963957
ORIGAMI MARKETPLACE,809017429
ORIOMA SAS,888086535
ORPIA INNOVATION,841538077
ORRION CHEMICALS ORGAFORM,520955360
ORSON.IO,899405195
ORTHODIDACTE,514567296
ORUS ENERGY,979179975
OSCARO POWER,434474284
OSE IMMUNOTHERAPEUTICS,479457715
OSIUM AI,953988003
OSMIA OLD,821287273
OSMOS X,922472543
OSS VENTURES,842826646
OSTIUM GROUP,829381045
OTAREE,843939232
OTONOMY AVIATION,495232373
OTRERA NEW ENERGY,924880933
OUEST MEDIAS,443041678
OUIBOSS,829617612
OUIDO PRODUCTIONS,807729173
OURSBLANC,981816606
OUTREMER YACHTING,501597215
OVA DESIGN,504458902
OVALIE TECH,810668673
OVRSEA,832541189
OXANE VÉTÉRINAIRE,808584916
O°CODE,822879128
OÉ,815346309
OÙFORMER,910731785
PACK N DRIVE,813470473
PAGACHEY,880018015
PALADIN PROTOCOL,929033199
PANDASUITE,504817578
PANDAT FINANCE,513785741
PANDO2,802948083
PANGÉE,802644518
PAPIER TIGRE,534353347
PARADISO MEDIA,852029750
PARASWAP,888103678
PARCEL TINY HOUSE,882190986
PARENTALIS SAS,903150043
PARKEON,444719272
PARKINGMAP,531735587
PARKOVIEW,827938911
PARK’N PLUG,538605197
PARSYS TÉLÉMÉDECINE,524139037
PASS INTÉRIM,911155141
PATCHWORK GRANDE ARMEE,824820773
PATIENT 21,
PATROWL.IO,883168403
PCB PIEZOTRONICS,433175569
PCI MACHINING,562086454
PDC*LINE PHARMA,801408907
PE CUBE,882571268
PEAS & LOVE,835119470
PEAS AND LOVE,835119470
PEEK'IN,832852776
PELIKAN MOBILITY,920999042
PEOPLE IN,831276233
PER ANGUSTA,753447127
PERFECT MEMORY,507459113
PERFECTSTAY,818188385
PERFORMANCE VISION,839984671
PERSEFONI,
PERSPECTIVE(S),791156268
PESS ENERGY,893778431
PETTY WELL,839867090
PEUGEOT SA,552100554
PFEIFFER VACUUM SAS,85980357
PHANTOMBUSTER,818723629
PHARMALIZR,
PHARMEDIGROUP,882314974
PHD INOV,949869390
PHERECYDES PHARMA,493252266
PHI DESIGN,350468724
PHILEA SOLUTIONS,493175483
PHOCEA DC,952430049
PHONIX HEALTH,982080210
PHOSFOREA,825216328
PHOST'IN THERAPEUTICS,808490619
PHOTONIS INFRARED FRANCE,522753805
PIC MEDIA,913571386
PIC&PICK,835372392
PICOMTO,790112171
PICSELLIA,883142689
PICTO ACCESS,813987534
PIMSTER,
PINEAPPLI,538936394
PING CASTLE,841528441
PIXEE MEDICAL,832674816
PIXELME,842614521
PIXIERAY,401578299
PIXIUM VISION,538797655
PIXPAY,845129840
PLACE DES LEADS SAS,928888734
PLANET RIDE,810704478
PLANISENSE,814849873
PLANNING DE GARDE,821286879
PLANORAMA,511515280
PLANTES POUR TOUS,838114171
PLAST3C / ELYXOFT / XANTHIO / ATK,882795537
PLASTIC ODYSSEY,847625506
PLATEFORME FRANCE INDUSTRIE 4.0,838472777
PLATEFORME.IO,841609563
PLATYPUS CRAFT,511758096
PLEURETTE,822124368
PLUG IN DIGITAL,539019786
PLUME LABS,803473974
PLUME3,
PLYABLE,
PMB SOFTWARE,751207325
POCKET RESULT,792666562
POCKETCONFIDANT AI,820101657
POINT SECURE,882801681
POLAR ANALYTICS,
POLE STAR,440608891
POLLEN AM,797497526
POLLEN METROLOGY,804862043
POLLEN ROBOTICS,820266211
POLY TO POLY,842895559
POLYGON PHYSICS,799584453
POLYNOM,839645470
POLYSPOT,433342540
POM MONITORING,443819644
PONANT TECHNOLOGIES,814735163
POP IN EVENTS,750644411
POP VALET,752998161
POPCHEF,849281571
POPPINS (EX-MILA LEARN),831475777
POPSCREEN GAMES,888880242
POPUPIMMO.COM,794460097
PORSOLT SAS,425113321
POSSIBLE FUTURE - FRENCH BUREAU,822172664
POSSON PACKAGING,577250087
POTAGER CITY,499600781
POTION SOCIAL,528509060
POUSSE POUSSE,830530374
POWELL SOFTWARE,815141874
POWER OF MOSS,879727980
PR0PH3CY,901790170
PRAGMA SECURITY,833826035
PREDICTIVE IMAGE,529131955
PREDIFY,
PREDITIC,803084524
PRELIGENS,818503146
PRELIGENS (EX-EARTHCUBE),818503146
PREPACADEMY,
PRESENCEAI,
PRESTO ENGINEERING EUROPE,512878125
PRET PRO,498082395
PRETGO,804655199
PREV&CARE,821031150
PREVIA MEDICAL,882559289
PRICE OBSERVATORY,789953429
PRICING ASSISTANT,793845090
PRICING HUB,840702336
PRIMO CONCIERGERIE,948588801
PRINTEMPS DES TERRES,882699796
PRISMIC IO,803264563
PROCSEA FRANCE,820559110
PRODIGY AGENCY,890673965
PROESSA SPORT,828393249
PROF EN POCHE,809744907
PROFESSORBOB.AI,838225316
PROMÉTHÉE,
PROOVSTATION,842788069
PROSAPIENT,833209265
PROTECPÉO,519624605
PROVE&RUN,514510783
PROVEPHARM LIFE SOLUTIONS,418165460
PROXIMUM SARL,424540441
PRÊT À POUSSER,791893662
PSYCLE RESEARCH,834228157
PULSE AUDITION,920869674
PULSE ORIGIN,804555779
PUR,ETC.,527668644
PURPLE ALTERNATIVE SURFACE,883970451
PURPLEMET SECURITY,878345875
PYDIO,752256966
PYRUM INNOVATIONS,500155783
PYTHEAS CAPITAL (TRESO2),807708243
PYTHEAS TECHNOLOGY,812129013
PÉLICAN FLEURS,753377951
QARNOT COMPUTING,528593817
QASHFLO,803620657
QC WARE,854036357
QEMOTION,811519230
QEVLAR AI,952849115
QILIBRI,839558467
QOBRA,885069039
QONTROL,843409954
QOOHOO,
QOS ENERGY,523637098
QOVERY,852571108
QST LAB,838404770
QU'EST-CE QUI TOURNE,
QUAI DES NOTAIRES,
QUALIMENTI,878808161
QUALIZY,
QUANTCUBE TECHNOLOGY,794381202
QUANTUM GENOMICS,487996647
QUANTUM SURGICAL,824393003
QUARKS SERVICES SAS,819723693
QUASAR SOLUTIONS,326506425
QUBIT PHARMACEUTICALS,883649238
R++, THE NEXT STEP (HUMANS CONNEXION),513792119
RACONTR,788743458
RAINBOW GREEN,819482852
RAISIN DIGITAL,817402878
RAMDAM SOCIAL,508230380
RANDOMCOFFEE,832564306
RAPYD,
RARECELLS DIAGNOSTICS,523913267
RARECELLS DIAGNOSTICS SAS,523913267
RAREPORN,
RAVEL TECHNOLOGIES,844443127
RAY STUDIOS,901049767
RAYONNANCE TECHNOLOGIES,441133881
RCP DESIGN GLOBAL,402150726
RD2 INNOVATE,800717753
REACHFIVE,797606357
REACTIV’IP,797487204
REALIZ3D,908567423
RECAST AI,804243483
RECOMMERCE GROUP,513969402
RECOMMERCE SOLUTIONS,513969402
RECONCEPT,881938648
RECRUZILLA,
RECYCLAMER INNOVATION,840976740
RECYC’ELIT,850623216
RED ALERT LABS,827677303
RED ELECTRIC,804094399
RED HORTICULTURE,840702609
REDFOX FINANCE,830609186
REDSTONE SOLUTION,914112297
REENIU FRANCE,883536559
REEZOCAR,799840913
REFRESH IT SOLUTIONS,492625546
REGION SUD,231300021
REI HABITAT,538216540
REMATCH,890481666
REMEDEE LABS,824154926
REMIX COWORKING,494411408
REMIX ECO,880695580
RENAISSANCE FUSION,885269332
RENEW TECH,917807976
RENOVATION MAN,828250811
RENTABRUT,982664393
REPUTATION VIP,539381582
REQUEST FINANCE,880400106
RESEAU PRO,883888471
RESOLVE STROKE,913019345
RESPAID,
RETAIL ROBOTICS SOLUTIONS,889105334
RETAIL SHAKE,845267830
RETAIL VR,838839207
REV INSIDE,
REV MOBILITIES,912354107
REVERS.IO,513781526
REVERSE SYSTEMS,895353670
REVIVAL BY IMPACTE CAPITAL,899646038
REYOUZZ,
RGPD ACADEMY,839565116
RHEVE 3D,830187514
RHÔNE-ALPES CINÉMA,907721187
RING CAPITAL,
RINGOVER,480234210
RISE PARTNERS,853726925
RISE UP,
RIVE DROITE,
RMAN SYNC,853322469
RMD TECHNOLOGIES,821692233
RNGY POWER,919448803
ROBOT ARTICULATION,850867078
ROBOTRONIC FRANCE TECDRON,795229392
ROBOVISION AI,882102528
ROCKET SCHOOL,849537030
ROSI SOLAR,833310204
ROTI.EXPRESS,811655067
ROUTES NUMÉRIQUES,
ROVALTERRE,852554005
RUBIX SI,
RUBYPAYEUR,841714736
RUNGIS & CO,
RUNGIS NATURE,483106423
RUNMOTION COACH,833421894
RUNNING CARE,
RUTABAGO,819733098
RVR SYSTEMS,442576971
RYAX TECHNOLOGIES,833192479
RYDGE CONSEIL,903309490
RÉALITÉS,451251623
RÉNOLIB,848905949
RÉSURRECTION,951596972
S2P – SMART PLASTIC PRODUCTS,807552583
SAAGIE,794047696
SAEZ INNOVATION,918068537
SAFECUBE,752760868
SAFESANTÉ,802952895
SAFETHING,822879128
SAFETY LINE,528685423
SAFETYLINE,528685423
SAGA CORP,822296794
SAGEMCOM BROADBAND,440294510
SAISIGO,845180009
SAKOWIN GREEN ENERGY,824658769
SALARYBOOK,
SALE N'GO,789804119
SALUT BEAUTÉ,841147655
SANTEXPAT,788571834
SANTÉ ACADÉMIE,880335435
SARBACANE SOFTWARE,509568598
SARL LEDEX,534835194
SARL SOREPOL,510152903
SAS CYCLOPONICS,817999121
SAS KUUPANDA,878883487
SATELSTICK,
SAVE EAT,829611409
SAVE MARKET,
SAVOIRIA (GROUPE BUSINESS PLUS),921438875
SAY PARTNERS,789367067
SBA COMPTA,532034485
SBG SYSTEMS,499284503
SCALAGENT D.T.,
SCALED RISK,538807215
SCAN.COM,
SCANUP,824549067
SCHNEIDER ELECTRIC,421106709
SCHNEIDER ELECTRIC INDUSTRIES,954503439
SCIENCE EXPLAINERS,837664739
SCIENTA LAB,900344748
SCINTIL PHOTONICS,843872979
SCIPIO BIOSCIENCE,831267992
SCJ INFORMATIQUE,332333608
SCOOP IT,498416916
SCOPLAN,753772755
SCORE & SECURE PAYMENT,830459053
SCREENY TECHNOLOGIES,814600144
SDI SERVICES,890809809
SDM ACIER,753515162
SDS PERFORMANCE,802349530
SE13 ADVISORS,814086922
SEACLICK,921880894
SEAFOOD REBOOT,904386539
SECLUDIT,532107992
SECURACTIVE,
SECURE IC,519818207
SECUTOP,804382091
SEDAPTA OSYS,321993750
SEE YOU SUN,824641294
SEELAB.AI,948824032
SELAS STUDIO,912943909
SELF & INNOV,818782997
SELL&SIGN (CALINDA SOFWARE),493811251
SELVITYS SONDAGE,851369041
SEM ENERG’IV,828837310
SENEF SOFT,529974511
SENIORADOM,789230026
SENSDIGITAL,499456333
SENSITIVE OBJECT,450418850
SEPION TECHNOLOGY,
SEQUANS COMMUNICATIONS,979284114
SEQUOIASOFT,522921634
SERAF PHYSIO PRO,848767042
SERAPHIN LEGAL,823634738
SERAPHIN.LEGAL,823634738
SERIOUS FACTORY,500592183
SERIOUS FRAMES,811338565
SERNDIP,531061844
SERVIPAC SALAZIE,950399006
SESAME IT,832787477
SET CORPORATION,789945565
SET IN STONE,
SETKEEPER,790865265
SEXTANT PROPERTIES,522780014
SFBX (ANCIENNEMENT CHANDAGO),831303896
SFE PROCESS,814653093
SFL INTERACTIVE,
SHADLINE,801878505
SHADOW (BLADE),891586299
SHARE(D),839878790
SHARECONFRÈRE,792414047
SHAREPAY,830659053
SHARK ROBOTICS,823372909
SHARPIST,
SHEELDMARKET,878929405
SHERPA MOBILE ROBOTICS,853956324
SHIFT TECHNOLOGY,791862618
SHIFTBIKES,885391540
SHINE RESEARCH,753977677
SHINKEN SOLUTIONS,794549543
SHIPBLU,
SHIPPINGBO,523471019
SHIRO GAMES,788434702
SHOPOPOP,813952082
SHORT EDITION,530552009
SHOW YOU,824446330
SHOWPLACE,841844855
SIGMA DATA CORP,888487352
SIGNIA THERAPEUTICS,828889642
SIIMPLE,
SIKIWIS DIGITALIZR,511492472
SILENT WAVES,909551228
SILEX FRANCE,518348552
SILEX ID,801077470
SILICON MOBILITY,815085659
SILO, LA SOLUTION ANTI-GASPI DES INDUSTRIELS,882593981
SIM&CURE,803695402
SINDUP,482506532
SINNY@OOKO,507955581
SIONIC ENERGY,
SIR FULL,529743239
SIRFULL,529743239
SIS ID,824003958
SITEW,518057310
SIVECO GROUP,334983087
SKAPING,803782978
SKEEREL,
SKILLBASE,814143665
SKILLEOS,793439555
SKIN & OUT,877899195
SKIPLY,810794966
SKIPPER NDT,822080206
SKWHEEL,
SKY BOY,797519832
SKY REPUBLIC,807591680
SKYREAL,833742919
SKYRECON SYSTEMS,450640586
SKYTECH SLP,843152406
SLIMCUT POWERED BY TELARIA,
SMART & CONNECTIVE,893505289
SMART BRAIN,839270212
SMART CUBE,812944684
SMART GLOBAL GOVERNANCE,853951556
SMART HOME FRANCE,491119657
SMART KITCHEN,801361411
SMART MACADAM,844250084
SMART ME UP,539546952
SMART PROSPECTIVE,819964503
SMART SAILORS,824929384
SMART SENSORS SYSTEMS 3S,814392916
SMART SERVICES,829481159
SMART TRAFFIK,751652934
SMART TRIBUNE,534318647
SMARTEAR,
SMARTEO.CO,842865461
SMARTGREENCHARGE,828110700
SMARTLY.AI,752292649
SMARTMEUP,539546952
SMARTPIXELS,811263235
SMARTVR,834704447
SMARTWASH INTERNATIONAL,901295709
SMASH & CO,828889493
SMELL’AIR,
SMILE R&D,982782534
SMILEREPAIR,823948674
SMOKE WATCHERS,800071607
SMS PARTNER,805010386
SMT PERFORMANCES,830632014
SNAPCALL,814387817
SNAPSHIFT,818582801
SNCF - DIRECTION NUMÉRIQUE GROUPE,
SNL PROLOGUES,380680231
SO SHAPE,798038345
SOCIAL BUILDER,539145193
SOCIAL CRUNCH,849248505
SOCIAL DIRECT,900613670
SOCIAL MEDIA FAMILY,825166812
SOCIAL MOOV,531968873
SOCIALLYMAP,
SOCIETE NATIONALE DES OBJETS CONNECTES,809823065
SOCIÉTÉ CHOLETAISE DE FABRICATION,65200420
SOCIÉTÉ DE RECHERCHE EN TECHNOLOGIES TRANSVERSES,
SOCIÉTÉ GÉNÉRALE,
SOCLOZ,523311173
SOFT KIDS,850938184
SOFTBRIDGE TECHNOLOGY,808583744
SOLAIRE BOX,813806866
SOLAL TECH,901455030
SOLAR BROTHER,818655250
SOLAR CLOTH SYSTEM,800532822
SOLASCURE,
SOLELH ENERGIE,987424983
SOLID POWER,
SOLLAN FRANCE,448330357
SOLUTION DATA,501458723
SOLUTIONS 909,843936329
SOLUTIONS PARFUM GRASSE,838174258
SOLÉO-ÉCOSOLUTIONS,823567714
SOMEO SOLUTIONS,812244630
SOMNO ENGINEERING,895108009
SON SAS,891358525
SONUP,878190875
SOPHIA ENGINEERING,480300425
SOPHIA GENETICS,804552651
SOPRA STERIA,326820065
SORAREDATA,
SORELLA CARE,911037695
SOTERIA LAB,808004626
SOUTH PIGALLE,
SPACE DESIGNER 3D,818337313
SPACE ELEPHANT,839193422
SPACE LOCKER,921381083
SPARK CLEANTECH,909736068
SPARK LAB,813316205
SPARKLING PARTNERS,803163625
SPARKMATE FRANCE,881799035
SPARKOW,451341036
SPARTHA MEDICAL,877489203
SPARUS SOFTWARE,449012905
SPECTRAL TMS,837539386
SPECTRAL TRANSACTIVE MEMORY SYSTEMS,837539386
SPEEXX,497909929
SPHÈRES,
SPINEM ROBOTICS,905250361
SPIRABLE,
SPIX INDUSTRY,791852288
SPORE.BIO,922166996
SPORT FACTION,797513975
SPORT HEROES,802532200
SPORT HEROES GROUP,802532200
SPORT QUANTUM,829079292
SPORT TEAM BUILDING,878768365
SPOTLIGHT MEDICAL,983468976
SPREADBUTTON,534533211
SPRING INVEST,925013799
SPY COMMERCE,792009904
SQUADRUNNER / LIVE HAPPIER,
SQUARE SENSE,834220162
STAFF & GO,790565964
STAFFMAN,904234788
STAFIZ,821215118
STAGE11,890762750
STAMUS NETWORKS,801247495
STANDING OVATION,884522582
STANLEY ROBOTICS,808943104
STARBOLT,843132754
STARFISH BIOSCIENCE,981922453
STARKAGE THERAPEUTICS,841065923
STARQUEST CAPITAL,841065923
STARTIN'BLOX,843134362
STARTUP FLOW,823281126
STARTUP PALACE,812479020
STATION CODING,851192252
STATION W,900699208
STEERIO,
STELLAR TELECOMMUNICATIONS,898983648
STELNEO,812170108
STEP PHARMA,802795906
STICKYADS.TV,
STILLA TECHNOLOGIES,797426376
STOCKLEAR,831548706
STOCKOSS,
STONE EDGE,818113672
STOPMARCEL,844792598
STOREFRONT,794460097
STORIO ENERGY,982898561
STOÏK,923382881
STREAMDATA IO,502377039
STREAMKAP,
STRONG BY FORM,
STUDENTPOP,821643608
STUDIO KER,889157293
STUDIO MOA & G,920905767
STUDIO MOEBIUS,838739654
STUDIO NYX,800541757
STUDIO PAILLETTE,883669798
STUDY QUIZZ,788744936
STUDYKA,530774439
ST?TO,918012121
SUBCLIC,810110023
SUBLIME ENERGIE,852793223
SUBLIME SKINZ,803054048
SUCCUBUS INTERACTIVE,441632122
SUCRINE CLUB,
SULITEST IMPACT,899696082
SULPICE TV,352330443
SUN ZU LAB,888380557
SUN'AGRI,852153428
SUNNA DESIGN,538125402
SUNNY LAKE,820235026
SUNZU LAB,888380557
SUN’R,501428676
SUPERFI,
SUPERMOOD,814058509
SUPERSONIC IMAGINE,481581890
SUPERTRIPPER,810491019
SUPERVISION CREATIVE,
SUPLI,
SURFACES TECHNOLOGIES,422929000
SURFE,
SURGIVISIO,518910419
SWAIVE,983675026
SWALLIS MEDICAL,848039004
SWEEPIN,811910918
SWEETCH ENERGY,810876177
SWIFTSKU,
SWIIFT IMAGING,902547850
SWITCH UP,531739829
SYA DIGITAL,894428747
SYLINK TECHNOLOGIE,829104595
SYMBIOFCELL STE,521148890
SYMPHONY COMMUNICATION,832043590
SYNAPSE DEVELOPPEMENT,393498324
SYNAPSE MEDICINE,827466590
SYNERGIE FAMILY,509340790
SYNHELIX,848917373
SYNOVO GROUP,790710735
SYNTHESIS AI,385259221
SYNTONY SAS,809830011
SÉZANE,488846007
SÊMEIA,829055854
TABMO,795236868
TACTICAL ADVENTURES,841226319
TAGPAY,484939038
TAIPRO ENGINEERING,833453061
TAKE A DESK,828577593
TAKE[AIR],905022596
TALE OF DATA,802068858
TALENT.IO,810131771
TALENTODAY,750029373
TALKR.AI,922465950
TALLANO TECHNOLOGIE,753991728
TALLANO TECHNOLOGIES,753991728
TALLYOS FRANCE,812502201
TAMASHARE,
TAMPLO,803444603
TANDOOR CLUB,920367679
TANU DIGITAL,831846985
TARABUT GATEWAY,
TASDA,530900943
TASTYCLOUD,822651550
TBWA CORPORATE,340128222
TCHAO TCHAO,914016878
TEACH ON MARS,793850462
TEACH UP,844317461
TEACHREO,
TEAM LEARNING,
TEAM VITALITY,794387498
TEAMCAT SOLUTIONS,811431519
TEAMHRV,889779096
TEAMOTY,842952830
TEAMOUT,
TEASERPUB SAS,818350431
TECH'4'TEAM,794062497
TECHNI DRONE,791372600
TECHNIWOOD INTERNATIONAL,802943845
TECHNOFOUNDERS PARTICIPATIONS,
TECHNOLOGIES DE FRANCE,824767982
TECHNOLOGY & STRATEGY,845345487
TECHSAFE INDUSTRIES,822676383
TEEM PHOTONICS,399229434
TEEMO,805138153
TEEPS.,393800321
TEEPY JOB,819650698
TEHTRIS,521474445
TELECOM SANTE,532685104
TELEDYNE E2V,341470656
TELEDYNE E2V SEMICONDUCTORS,341470656
TELEVET,888017761
TEMPOW,818339566
TENDAJI GROUP,878512045
TENERRDIS,485197057
TERANGA SOFTWARE,494426745
TERRA FERTILIS®,821956968
TERRA INNOVA,835372483
TERRAGON,478887375
TESSERACT SOLUTIONS,833947567
TESTAPIC,530171396
TEXTIL’IA,887888261
TGS FRANCE,523742468
TH INDUSTRIES,790625859
THABOR THERAPEUTICS,900441635
THALES DIS FRANCE SAS,844687749
THALES GROUP,433426392
THE AGENT,893432104
THE ARTIST ACADEMY,838153443
THE BEAUTÉ-TEST.COM,453400426
THE BRADERY,839442258
THE BUREAU,819990318
THE CAMP,892806662
THE CHATBOT FACTORY,789487121
THE CORNER,
THE DIAG FACTORY,791740293
THE EXPLORATION COMPANY,900427857
THE FABULOUS,799529383
THE FAMILY,950839233
THE GOOD CORNER,813837531
THE GOOD SPOON,849290317
THE GUITAR DIVISION,
THE HOKUS PLATFORM,892556689
THE MOBILE-FIRST COMPANY,978534543
THE NEW MATERIALIST,937634004
THE OASIS HOUSE,914432026
THE OTHER STORE,508514494
THE PACKENGERS,844648485
THE QA COMPANY,879173458
THE RASPBERRY CIRCLE,
THE REFINERS,
THE SANDAYA GROUP,524027455
THE SHIFTERS,920811809
THE SOCIALITE FAMILY,797641131
THE TREEP,820330504
THE TRUE BARBER,848551040
THE VERY FOOD COMPANY,909030140
THEPRICEHUB,812620953
THESS CORPORATE,892264672
THINK LOCAL ACT GLOBAL,
THIRD - 03RD,877848762
THOMSON VIDEO NETWORKS,333773174
THÉAOMAI,884182940
TIAMAT ENERGY,831726245
TIBOT TECHNOLOGIES,820627495
TIBTOP,810857474
TICKET SURF INTERNATIONAL,450932710
TIEMPO SECURE,
TIGHTR,811170794
TIIME CONSULTING,529492928
TIKINO,817937030
TILAK HEALTHCARE,820343044
TILLER SYSTEMS,801111030
TINGS LABS,811348150
TINUBU SQUARE,432915460
TIP TOQUE,813464146
TLS GEOTHERMICS,789594306
TOKTOKDOC,809914369
TOM&JOSETTE,852406784
TOMCAT FACTORY,882855984
TOMI.AI,978223873
TOMOJO,833515505
TOMORRO,
TOO GOOD TO GO,820731115
TOO SMART,892319781
TOOL ADVISOR,894566892
TOOPI ORGANICS,848016093
TOOT SWEET,811346287
TOPO.IO,
TOSA (TESTS ON SOFTWARE APPLICATIONS),900354200
TOUCAN TOCO,801300526
TOUCH & SELL,512978875
TOUCH SENSITY,878558519
TOUCHLINE INTERACTIVE,539571497
TOUS EN TANDEM,839728623
TOUTES MES AIDES,
TOUTI TERRE,805353422
TP QUBE,840728208
TRACE FOR GOOD,911576957
TRACE TV,411205628
TRACK THE TRUCK,884970302
TRACKCHAIN,
TRACKTL,795018076
TRANSACTION CONNECT,822619185
TRANSPLANET SATELLITE,
TRAVAUXLIB,813776416
TRAVEL ASSIST,848097275
TRAVELPERK,
TREATWELL FR,752044503
TREE DIGITAL FACTORY,524314846
TREEFROG THERAPEUTICS,844370320
TREEGRAM,518560289
TREESEVERYWHERE,883005407
TREESITION,911738771
TRIBUN HEALTH,538927120
TRIBVN HEALTHCARE,538927120
TRICERA SPORT,984695189
TRIDEKONE,840361315
TRIPNDRIVE,794337956
TRI’N’COLLECT,878110204
TRUFFLE CAPITAL,432942647
TRUSTED HEALTH,844319194
TRUSTT,
TRYON ENVIRONNEMENT,810884668
TULEAP,531796621
TUNABLE,
TUNDR,
TURACOO DIGITAL SIGNAGE,
TURENNE INVESTISSEMENT,828918763
TUT TUT,899164248
TUTO.COM,517502175
TWICE COMMERCE,894016237
TWIN ROBOTICS,884037144
TWINSWHEEL,481885374
TX CELL,435361209
TXCELL,435361209
TXFY,
TYPOLOGY,839009842
TÉLÉMAQUE,985076751
TÊTU,922500723
U'RSELF,820508885
U.NEAT,910750983
UBI SOLUTIONS,508855129
UBI TRANSPORTS,750423295
UBITRANSPORT,750423295
UCA – UNIVERSITÉ CLERMONT AUVERGNE,130028061
ULTRA PREMIUM DIRECT,901300319
ULYSS.CO,511464034
UN GRAND MARCHÉ,424761419
UNCROWD,
UNDERTHEDOORMAT,533795373
UNICORN SECURITY,891691362
UNIQUE HÉRITAGE MÉDIA,804974533
UNITED 3D MAKERS,423093459
UNITED HEROES,802532200
UNITED VISUAL RESEARCHERS,831248380
UNITY SC,411749997
UNITYSC,411749997
UNIVERSITE GRENOBLE ALPES,130026081
UNIVERSITE SAVOIE MONT BLANC POLE INNOVATION,197308588
UNIVERSITÉ CLAUDE BERNARD – LYON 1,196917744
UNIVERSITÉ GRENOBLE ALPES,130026081
UNIVERSITÉ SAVOIE MONT BLANC,197308588
UNIVR STUDIO,808246326
UNRAVEL,791331747
UP&CHARGE,929653061
UPCYCLE SAS,535091185
UPDATE FOODS CO,893375477
UPFEEL SERVICES,894966142
URBAN CAMPUS,984442640
URBAN CANOPEE,823373154
URBAN CONNECT,898731146
URBAN CUISINE,853531556
URBAN GAMING,532108156
URBAN POTAGER,814039145
URBAN RADAR,880373014
URGENCE DOCTEURS,829881721
USEFUL INNOVATION MINDSET,920902285
USERADGENTS,432694735
USINE IO,798160651
USINE.IO,798160651
UV BOOSTING,824904569
V POUR VERDICT,832227029
VADE SECURE,794012872
VALENCE ROMANS AGGLO,821232717
VALUE GAMES,878549807
VALUE YOUR NETWORK,808094361
VAMSTAR,
VAUBAN SYSTEMS,512914722
VECTIVBIO,
VEGEPOLYS VALLEY,490338688
VELOMAD,834233751
VENTURE ORBITAL SYSTEMS,850181918
VERDIKT,889631123
VERGORÀ,
VERO TECHNOLOGIES,
VERSO ENERGY,897428074
VESTA SYSTEM,530649326
VESTACK LUDWIG,892499773
VESTIAIRE COLLECTIVE,517465225
VFP THERAPIES,753341791
VIA SANA,883920167
VIAPIX SYSTEMS,892285586
VIAREPORT,481601540
VIBLY,920228185
VIBRA NOVA,987725959
VIBRA NOVA SAS,987725959
VICHAR – DTA,921326328
VIDEOSTEP,537450140
VIEWPAY,531529329
VIIBE COMMUNICATION,825180300
VIICAD 1.0,
VIKTORY SOFTWARE,892322280
VIRTEEM COMPANION,
VISIATIV SOFTWARE,353695174
VISIBLE PATIENT,794458125
VISIBLEE,830036353
VISIOMED,498785112
VISION SYSTEMS,378956601
VISION TECHNOLOGY,915168157
VISIONSPOL,834259889
VISITDIGITAL,823473970
VISUAL BEHAVIOR,882498728
VITAVINUM,828397745
VITE MON MARCHÉ,828079467
VIVATECHNOLOGY,453971525
VIVOPTIM SOLUTIONS,840628895
VIZCAB,811426584
VIZZIA,899832901
VOCAL APPS,752292649
VOIP TELECOM,504189366
VOLTA MEDICAL,820967875
VOLTAAGE,
VOLTEC SOLAR,518706965
VOLUMIC 3D,452187792
VOSYS VIRTUAL OPEN SYSTEMS,529212987
VOXNATION,421943416
VOYAGE PRIVÉ,985120906
VR ACADEMIE,917566408
VR SQUAD,834335424
VRACO SARL,891177230
VROOMLY,829016070
VRROOM,834566580
VRTUOZ,914560727
VS PROJECTS,501037014
VS TECHNOLOGY,931749550
VUF BIKES,808368997
VÉGÉTALEMENT PROVENCE,824522072
VÉRITABLE,
W PLATFORM,899623979
WAAM COSMETICS,533846143
WAGA ENERGY,809233471
WALNUT ALGORITHMS,811312719
WAND.AI,793333360
WARREN WALTER,810040469
WAS LIGHT,801779067
WASPITO,
WASTE MARKETPLACE,842863037
WATER HORIZON,830353793
WATT AND WELL,501934939
WATTSON ELEMENTS (FALCO & FALCO AMERICAS),
WAVES'N SEE,814173035
WAYSIA,840059919
WAZA EDUCATION,828784421
WE ADVOCACY,833963069
WE DO GOOD,797519105
WE GO GREENR,881550883
WE LOVE CUSTOMERS,820816494
WE PSEE,897707469
WE RECRUIT,813470820
WEACCESS GROUP,402156616
WEATHER MEASURES,810653949
WEB 3 TOKENIZATION,910399435
WEB GEO SERVICES,514073998
WEB'AIR,
WECARE@WORK,810156828
WEDRESSFAIR,834527855
WEEDOO IT,820648905
WEESEC,899063312
WEFOX,895157147
WELCOME AT,878264571
WELCOME AT WORK,813362399
WELCOME AT WORK!,813362399
WELCOME TO THE JUNGLE,802162628
WELOVEDEVS,818572877
WERLEN IPSUM,951778851
WERÉSO,842420812
WETRADELOCAL / FLEURS D'ICI,828469650
WETRADELOCAL.IO,828469650
WHAT MATTERS,841696552
WHAT THE SHOP,818655084
WHATMATTERS,841696552
WHEEL OF WORK,889124343
WHERE YOU LOVE,752688945
WHILE ZERO,809011265
WHIP MEDIA,842307696
WHITELAB GENOMICS,847935046
WHOZ,483060588
WILD CODE SCHOOL,794926063
WILD WITS GAME,895142701
WILDESK,
WILDSENSE,891132713
WILOKI,843936915
WIND CAPITAL,834071474
WIND FISHER,900289497
WIND MY ROOF,840718225
WINE IN BLOCK,884879008
WINERIZ,884879008
WINGLY,812309763
WINO TECHNOLOGIES,812403335
WISE INTEGRATION,881644900
WISE TRAIL RUNNING,878756261
WISELEMENT,818671588
WISEMBLY,523455566
WISETAX,911132611
WIZYEMM,822395802
WIZZCAD,798693578
WONDA VR,822224473
WONDER PARTNER'S,834495442
WONDERPUSH,813038973
WONDERSOFT STUDIO,982775686
WOPILO,827485467
WORK PRO,894879923
WORK WITH ISLAND,845369495
WORKADVENTURE,899556575
WORKELO,831337498
WORKSHOP IT!,828520536
WORLD GAMING FEDERATION,810147314
WORLDGAME,492923735
WORLDGRID FRANCE,517703369
WOSMU,812871598
WOÔ,814542288
WP CONNECT,808840474
WP MEDIA,800260648
WYSE LIGHT,894652791
WYZ GROUP,510756737
X3D GROUP SAS,813905205
XAMEN TECHNOLOGIES,754080083
XARIAN,892357138
XEE,
XILOPIX SAS,505176594
XIVO,510373400
XL RECYCLING,822714903
XOMETRY EUROPE,890067820
XP DIGIT,808615165
XPERIENCE.IMMO,920254448
XTU ARCHITECTS,522325836
XXII GROUP,810761783
YELLOWPOP,522325836
YES OUI BOT,833520778
YES YES,985177559
YESBOONY,
YESWEHACK,814037214
YNEURO,828385344
YONA ROBOTICS,450854203
YOOMUM,7238925
YOOTALENT,504751578
YOUDAY CRM,818693954
YOUR BO,753521624
YOURAIPREDICTION,
YOUVERIFY,
YS ENERGIES MARINES DEVELOPPEMENT,901192799
YUCCAN LEAD,883099160
YUKIN THERAPEUTICS,840469464
YULIFE,10308260
YUMGO,849027073
YUMPINGO,10129221
YUZZITPRO,504732058
ZADIENT TECHNOLOGIES SAS,884434036
ZANIFU,
ZE COMBI,822095436
ZE DRIME TIM,909432023
ZE ENERGY,852197763
ZEFI.AI,827484494
ZELIQ,922560065
ZEN MODULAR,908928989
ZEN'TO TECHNOLOGIE,513861690
ZENMOOV,984694513
ZENTACT ROBOTICS,922159744
ZENTEK,883040404
ZERO CARBON EMISSION,922347331
ZHOR TECH,808187280
ZIC ETHIC,891808230
ZNAPP,793139783
ZOOV,505280727
ZOÏ,903224806
ZÉPHYR SOLAR,831928874
ÉCOLE DES MINES DE SAINT-ÉTIENNE,194200945
ÉDIFICE,822225868
ÉLECOCITÉ,832691307
ÊVERIE,987381415
?BERON,901668327
ŸNSECT,534948617
