Mot,Count
saas,3033
commission,2381
subscription,2204
manufacturing,1824
artificial intelligence,1784
deep tech,1482
bb,1378
enterprise software,1190
software,1093
marketplace & ecommerce,1085
health,1025
fintech,906
energy,813
marketing,743
transportation,697
bc,673
transport  logistique,622
selling own inventory,580
food,561
hardware,531
ia,529
deeptech,524
media,501
physique  hardware,496
santé,494
big data,467
île-de-france,460
machine learning,457
mobile app,422
bb services,402
biotechnology,399
education,382
marketing  communication,377
logistique  opérations,375
real estate,341
logiciel,333
jobs recruitment,331
finance  administration,321
blockchain,305
sports,305
innovation,296
security,278
health platform,274
advertising,266
medical devices,263
home living,261
finance,259
iot internetofthings,259
robotics,257
microélectronique,242
martech adtech salestech,240
vente  service client,232
healthcare & wellness,228
climate tech,228
travel,221
fashion,211
industrie du futur,208
mobilité,206
agritech,199
industrie,197
it  digital,194
energie  utilities,190
mobility & smart city,190
industry,187
sustainability,186
clean energy,186
telecom,183
logistics & supply chain,181
cloud & infrastructure,176
ia  big data,170
e-commerce,167
content production,167
photonique,166
ressources humaines,162
wellness beauty,161
gaming,161
d technology,158
health tech  medtech,157
retail & e-commerce,155
service,154
paris,146
computer vision,140
mobility,139
financial management solutions,136
semiconductors,136
icc,136
cybersecurity,132
luxury,131
growth & investment,130
govtech & public sector,130
energie bâtiment,128
crm & sales,128
legal,127
insurance & legal,127
newspace,124
pharmaceutical,123
bbc,123
sécurité  défense,123
immobilier,123
alimentaire,123
adtech,120
marketing & advertising,119
startups,117
iot,114
energy efficiency,113
connected device,110
chimie environnement,109
smart industry,109
production  maintenance,108
edtech,108
recognition technology,107
conception  r&d,107
marketplace,106
ai,105
catégorie non disponible,104
fashion & cosmetics,102
fin tech,102
telecommunications,101
wealth management,100
hr & future of work,100
payments,99
data management & crm,98
auvergne-rhône-alpes,98
insurance,96
autonomous & sensor tech,95
event tech,94
innovative food,93
food logistics & delivery,92
search,92
buy & rent,92
deep learning,91
energie,90
virtual reality,90
diversity & inclusion,89
education  formation,89
loisirs,86
iot  electronique,84
défense,83
logistics & delivery,81
application mobile,81
augmented reality,81
construction,80
publishing,80
tech&planet,79
vehicle production,79
rhtech,77
tech&solutions,76
food & agriculture,76
waste solution,75
entrepreneuriatstartup,75
crypto and defi,74
medtech,74
cybersécurité,74
energy storage,73
social media,73
web,72
retail  e-commerce,72
non applicable,71
xr & metaverse,71
ecommerce solutions,70
durabilité,70
natural language processing,69
proptech,68
data,68
music,68
occitanie,68
hosting,66
maintenance,66
voyage,65
space,63
rse,63
marketing analytics,61
entertainment & creators economy,61
apparel,60
banking,59
food tech  agritech,57
sustainable development goals,57
technologie,57
in-store retail & restaurant tech,56
provence-alpes-côte dazur,55
learning tools and resources,55
decarbonation,54
assurance,54
kids,53
real estate software,53
education providers,53
automation,53
agro-alimentaire,53
streaming,53
mortgages & lending,52
g & connectivity,51
crypto & nft,51
recrutement,51
engineering and manufacturing equipment,50
biotech,50
public safety,49
nanotech,49
navigation & mapping,48
tech&fab,48
automatisation,48
legaltech,48
d,46
gaming & esports,46
real estate services,44
robotique,43
nouvelle-aquitaine,43
it,43
water,43
communication,43
greentech,42
energy providers,42
infrastructures du numérique,42
juridique,42
abonnement,42
sécurité,42
sport platform & application,41
environnement  écologie,41
healthtech,40
space & aeronautics,40
pays de la loire,39
analytics,39
agriculture,38
retail,37
réalité virtuelle  augmentée,37
accommodation,37
console & pc gaming,37
ecommerce,37
data protection,37
iotsensors,36
consumer electronics,36
performance  croissance,36
accessories,36
booking & search,35
digital health,35
rh  management,35
activités et loisirs,35
martech,35
application,34
freemium  premium,32
hauts-de-france,32
technology,32
oil & gas,32
tech&human,31
recherche  labo  futur,31
digital workplace,31
collaboration,30
smart cities,30
grand est,29
consulting,29
mobilites,29
cloud,29
crm,28
hauts-de-seine,28
territoires,28
technologie d,27
sporting equipment,27
financementinvestissement,27
online travel agency,27
healthcare,27
lifestyle,27
accompagnement,26
bretagne,26
mobile gaming,26
chemicals,25
api,25
legal documents management,25
fitness,24
normandie,24
cybersecurité,24
formation,24
information technology,24
quantique,24
vehicle tech and advanced mobility,23
intelligence artificielle,23
nocode,23
digital,23
footwear,23
logistics,22
infrastructure,22
gamification,22
quantum technologies,22
services,21
workspaces,21
sporttech,21
éducation,21
retailtech,21
textile,20
identity & access,20
tourisme,20
vr,20
bien-être,19
rhône,19
dating,19
engagement,19
audio,19
education management,19
environnement,19
contruction  btp,19
énergie,18
fashiontech,18
divertissement  loisirs,18
logistique,18
retaile-commerce,18
health care,18
video,17
kitchen & cooking tech,17
networking,17
mobile,17
analyse,17
cleantech,17
transport,17
travel analytics & software,17
women in tech,17
economie circulaire,16
accessibilité,16
energypower,16
automotive,16
micro-electronique,16
regtech,16
smart home and appliances,16
compliance,16
investissement,16
accessibility,16
food tech,16
données,16
cybersecurite,16
rh,15
esports,15
automobile,15
foodtech,15
haute-garonne,15
sante,15
achat,15
centre-val de loire,15
bouches-du-rhône,14
recyclage,14
les,14
foodtech  winetech,14
inclusion,14
energystorage,14
design,14
val-de-marne,14
supplychain,14
wellness,14
bourgogne-franche-comté,14
digitaltransformation,14
business travel,13
tech,13
education tech,13
culture  médias,13
dataanalytics,13
productivité,13
recherche,13
entreprise,13
marketing and advertising,13
entrepreneuriat,13
enterprise,13
cloud computing,13
tech&you,13
startup,12
android,12
art,12
gironde,12
content and entertainment,12
regtech & compliance,12
loire-atlantique,12
erp,12
optimisation,12
device security & antivirus,12
machinelearning,12
datascience,12
quantumcomputing,12
travel and tourism,12
arvrxr,11
metaverse,11
internet,11
decarbonization,11
medical,11
audit,11
e-santé,11
energyefficiency,11
achats,11
energy transition,11
nlp  nlu,11
yvelines,11
location,10
accélérateur,10
application molbile,10
réseau social,10
comptabilité,10
renewables,10
apprentissage,10
personnalisation,10
ar,10
international,10
drones,10
business intelligence,10
nord,10
xr,10
dprinting,10
events,10
renewableenergy,10
grand public,10
mobilité durable,10
performance,10
aerospace,9
augmentedreality,9
afrique,9
ecosystem,9
immersive,9
supply and logistics,9
hydrogen,9
transformation,9
capteurs,9
batteries,9
sourcing and manufacturing,9
abonnements,9
diagnostics,9
generativeai,9
esg,9
efficacité,9
satellite,9
self-service and lawyer marketplace,9
communauté,9
opensource,9
community,9
isère,9
electronics,9
nanotechnology,8
smes,8
cyber security,8
surveillance,8
information,8
evcharging,8
gestion,8
biopharma,8
digitaltwin,8
business,8
alimentation saine et durable  agriculture raisonnée,8
supply chain management,8
réalitéaugmentée,8
conseil,8
tech&space,8
seo,8
geolocation,8
application ecommerce,8
beautytech,8
développement,8
animaux de compagnie,8
électrique,8
smartcities,8
sportstech,8
simulation,8
digitalization,8
femtech,8
legaltech administratif,8
btob,8
alpes-maritimes,8
assurtech,8
réseau,8
smartcity,8
prévention,8
insurtech,8
wearables,8
winetech,8
il est difficile de générer des mots-clés précis cependant,8
food and beverage,8
hrtech,7
legal information,7
legal matter management,7
content,7
oncology,7
omnichannel,7
europe,7
médias,7
app mobile,7
nlp,7
intégration,7
wellbeing,7
financial services,7
medical device,7
industrie - automobile,7
telemedicine,7
nantes,7
bigdata,7
efficacitéénergétique,7
dataprivacy,7
cryptocurrency,7
emploi,7
nfc,7
genai,7
personalization,7
customerexperience,7
numérique,7
solution saas,7
décarbonisation,7
digitalisation,7
santénumérique,7
ecofriendly,7
gaming and esports,7
app,7
entertainment,7
sans une description spécifique de lentreprise,7
circulareconomy,7
hérault,7
deeplearning,7
france,7
internet of things,7
numérique au service de lenvironnement,7
imaging,7
crowdfunding,7
crypto,7
engineering,7
cloudcomputing,7
efficiency,7
culture,6
multilingue,6
ergonomics,6
inclusivity,6
photonics,6
neuroscience,6
événementiel,6
seine-maritime,6
therapeutics,6
computervision,6
luxe,6
livraison,6
shipping,6
traceability,6
search engine,6
riskmanagement,6
stockage,6
immersion,6
associations,6
impression,6
e-marketing,6
calvados,6
optimization,6
économiecirculaire,6
scalability,6
global,6
solution,6
site,6
d printing,6
vidéo,6
biométrie,6
plus,6
industrial,6
essonne,6
broadcasting,6
dataanalysis,6
connectivity,6
research,6
dataprotection,6
service industry,6
entrepreneurship,6
freelance,6
maritime,6
ille-et-vilaine,6
wireless,6
renouvelable,6
animation,6
sport,6
agtech,6
coaching,6
nanotechnologie,5
communauté sportive,5
digital media,5
govtech,5
financement,5
chatbot,5
traçabilité,5
carbone,5
plateforme,5
outsourcing,5
biotechnologie,5
toulouse,5
news,5
authentication,5
pme,5
delivery,5
sport media,5
feedback,5
bb saas,5
confidentialité,5
home entertainment and office hardware,5
assistant personnel,5
userexperience,5
biometrics,5
virtualreality,5
human resources,5
greenenergy,5
réservation,5
contact,5
retail technology,5
integration,5
r&d,5
arttech,5
genomics,5
bpifrance,5
llm,5
real time,5
leadership,5
énergiesolaire,5
cookies,5
esanté,5
bordeaux,5
artificial intelligence  intelligence artificielle,5
musique,5
marketing automation,5
val-doise,5
cabinet de recrutement digital,5
bébé,5
loyalty,5
mobileapp,5
drone,5
grenoble,5
learning,5
ict,5
quantum,5
parking,5
led,5
privacy,5
certification,5
vin,5
platform,5
image recognition,5
decarbonisation,5
geospatial,5
telecommunication,4
betting & gambling,4
sport league & club,4
covoiturage,4
trading,4
accompagnement pme,4
ab testing,4
visite virtuelle 0,4
agence web,4
transitionénergétique,4
virtualtryon,4
clients,4
commander,4
prédiction,4
elearning,4
creativity,4
health diagnostics,4
sales,4
mentalhealth,4
wordpress,4
beauty tech,4
eventtech,4
dentaire,4
btp,4
datacenters,4
climat,4
export,4
edgecomputing,4
finistère,4
cartographie,4
protection,4
sensors,4
wearable,4
phygital,4
oncologie,4
langues,4
enfants,4
greenit,4
fleetmanagement,4
informations,4
droit,4
réalitévirtuelle,4
distribution,4
digitalhealth,4
électronique,4
je suis désolé,4
environnemental,4
drôme,4
biomarkers,4
immersivelearning,4
recruiting,4
datamanagement,4
electromobility,4
savoie,4
g,4
géolocalisation,4
information services,4
patrimoine,4
actualités,4
interoperability,4
sas,4
exoskeleton,4
artisan,4
globalexpansion,4
valbonne,4
photographie,4
impact,4
rfid,4
science,4
encryption,4
ingénierie,4
seine-saint-denis,4
anticounterfeiting,4
digital marketing,4
algorithmes,4
écologie,4
anonymisation,4
clean tech,4
predictive analytics,4
spacetech,4
apps,4
advertising platforms,4
fr,4
solarenergy,4
lidar,4
bilan carbone,4
autonomous,4
productivity,4
télécommunications,4
developer apis,4
electrification,4
nutrition,4
use,4
économie,4
informatique,4
interactive,4
tout,4
cc,4
packaging,4
réemploi,4
eau,4
smartbuilding,4
autonomous vehicles,4
solar,4
jeux vidéo,4
biodiversity,4
email,4
digitaltwins,4
paiement,4
média,4
réalité virtuelle,4
intelligence,4
open source,4
wearabletech,4
ride sharing,3
famille,3
car sharing,3
incubation,3
seine-et-marne,3
architecture,3
rénovation,3
deepfake,3
nonprofit,3
devops,3
branding,3
biodiversité,3
bitcoin,3
formations,3
collaboratif,3
conversational,3
aviation,3
chemical,3
management,3
transition écologique,3
pharma,3
beauté,3
payment,3
rental,3
marseille,3
haute-savoie,3
sensor,3
renewable energy,3
applications,3
mobile advertising,3
hydrogène,3
journalisme,3
tokenization,3
souveraineté,3
orchestration,3
microsoft,3
côte-dor,3
appel doffres,3
montpellier,3
cardiologie,3
hpc,3
la réunion,3
biodegradable,3
board games,3
investment,3
projet,3
banque,3
aéronautique,3
ad server,3
microalgae,3
airquality,3
web development,3
aisne,3
solaire,3
responsabilité,3
monitoring,3
électricité,3
ml,3
solutions,3
football,3
restaurants,3
videogames,3
multimodal,3
déchets,3
sportech,3
socialmedia,3
ad targeting,3
imagerie,3
interactivité,3
cyclisme,3
smartphone,3
monétisation,3
brands,3
mode durable,3
erp crm,3
furniture,3
support,3
mais sans une description de lentreprise,3
professional services,3
diagnostic,3
therapy,3
growth,3
website,3
food processing,3
insectes,3
ehealth,3
coopération,3
recycling,3
data science,3
fabrication,3
mode,3
dmodeling,3
domotique,3
moselle,3
customerengagement,3
smarthome,3
production,3
contrat,3
navigation,3
food delivery,3
cleanenergy,3
e-learning,3
csr,3
pos,3
organic,3
création,3
art digital,3
événements,3
hôtel,3
atelier,3
authentification,3
téléréhabilitation,3
numérisation,3
qubits,3
techforgood,3
acoustique,3
business plan,3
marketplaces,3
fermentation,3
whitelabel,3
annuaire,3
pharmaceuticals,3
bci,3
expertise,3
énergieverte,3
biochar,3
traduction,3
cancer,3
dc,3
ecodesign,3
meurthe-et-moselle,3
créativité,3
monetization,3
data visualization,3
energies,3
spatialcomputing,3
hospitality,3
biomaterials,3
immunotherapy,3
rgpd,3
pdf,3
training,3
diversité,3
data storage,3
infrastructures,3
campagnes publicitaires,3
micromobility,3
securité,3
autres,3
waterconservation,3
professionnels,3
utilisation,3
économie circulaire,3
stem,3
pharmaceutique,3
carbonfootprint,3
dataintegration,3
teambuilding,3
énergierenouvelable,3
dépannage à domicile,3
qualité,3
rehabilitation,3
onboarding,3
product design,3
network,3
strategy,3
développement web,3
governance,3
semiconductor,3
talent,3
leadgeneration,3
lowcode,3
commerce,3
digitalidentity,3
avis,3
franchise,3
villeurbanne,3
salestech,3
pessac,3
paiements,3
résilience,3
technologies,3
produits,3
influence marketing,3
data integration,3
location based services,3
document management,3
client,3
écosystème,3
contenu,3
realtime,3
beauty,2
neurotechnology,2
developer tools,2
data center,2
cognitivesciences,2
social,2
adventure,2
supercomputing,2
anonymization,2
videoanalytics,2
environmentaltech,2
industrie 0,2
telematics,2
conversationnel,2
brevet,2
products,2
press,2
réseauxsociaux,2
mobilepayments,2
techecosystem,2
printing,2
digitalexperience,2
elderlycare,2
ecologie,2
metz,2
ugc,2
orientation,2
hybridwork,2
foodwaste,2
ecoresponsibility,2
étudiant,2
mena,2
vtc,2
hybride,2
content discovery,2
tv,2
collaborateurs,2
orsay,2
commodities,2
watermanagement,2
paris sportifs,2
roubaix,2
cadeau,2
telehealth,2
dataquality,2
datagovernance,2
sarthe,2
facturation,2
marketing digital,2
conservation patrimoine culturel,2
gestion de contenu,2
prospection,2
textiles,2
ecoconstruction,2
bien être au travail,2
marinetech,2
railway,2
storytelling,2
entraînement,2
risk management,2
tennis,2
employabilité,2
aménagement,2
rendez-vous,2
space tech,2
empowerment,2
webinars,2
connectivité,2
devices,2
emballage,2
jeu,2
micromobilité,2
urbanmobility,2
corporate,2
décentralisation,2
smart,2
gestion de projet,2
décarbonation,2
serverless,2
neuromorphic,2
leisure,2
bienêtre,2
fanengagement,2
consumer,2
energies intelligentes,2
ev,2
market research,2
energymanagement,2
start up,2
peer to peer,2
doubs,2
fidélisation,2
accès,2
virtualisation,2
software engineering,2
industrie - chimie  matériaux,2
antiwaste,2
reporting,2
orthographe,2
égalité,2
itservices,2
seniors,2
handicap,2
engagement des collaborateurs,2
softwaretesting,2
télécoms,2
divertissement,2
simulation numérique,2
watertech,2
canada,2
whatsapp,2
industry0,2
entrepreneurs,2
conversion,2
fitnesstech,2
electronique,2
reconnaissance visuelle,2
réunion,2
inspection,2
logements,2
perpignan,2
planification,2
contentcreation,2
stratégie,2
immersivetech,2
globalmarket,2
crowdfunding immobilier,2
assetmanagement,2
technologie quantique,2
propulsion,2
photography,2
loire,2
clinicaltrials,2
vfx,2
accessoires de mode,2
logement,2
cancertherapy,2
serviceindustry,2
consommateur,2
decentralization,2
market place,2
audiotech,2
paris 0,2
agency,2
environment,2
voiceai,2
marque,2
digitalsignature,2
mixedreality,2
conseils immobiliers,2
cuisine,2
artisanat dart,2
restauration,2
nlu,2
datasecurity,2
wirelesscharging,2
digitalsignage,2
éthique,2
vegan,2
ressourceshumaines,2
mariage,2
transformationnumérique,2
benefits,2
sécuritéroutière,2
justice,2
employee,2
insectprotein,2
opticalcommunication,2
mediatech,2
ebooks,2
advisory,2
smartfarming,2
app marketing,2
retraite,2
scraping,2
économie sociale et solidaire,2
comme son secteur dactivité,2
société,2
lighting,2
avocats,2
smartgrid,2
cloud security,2
mobile payments,2
prototypage,2
leasing,2
datacenter,2
bioénergie,2
gdpr,2
agent immobilier,2
chaussure,2
brand marketing,2
social media management,2
transcription,2
lead management,2
smartpackaging,2
electric vehicle,2
référencement,2
pharmacie,2
defi,2
webapp,2
connaissance,2
ecully,2
vod,2
clinical trials,2
antibes,2
cloud data services,2
creation de siteweb,2
intellectualproperty,2
start-up,2
sales engagement,2
éco-responsable,2
device,2
vendée,2
silver economie,2
mice,2
running,2
assurance auto,2
conversationalai,2
explainability,2
matching,2
frauddetection,2
quantum computing,2
contech,2
chatou,2
knowledge management,2
carrière,2
communityengagement,2
sharingeconomy,2
il mest impossible de générer des mots-clés pertinents pourriez-vous fournir plus dinformations sur lentreprise,2
son secteur dactivité,2
incubateur,2
stressmanagement,2
jumeaunumérique,2
abonnement vin,2
patientexperience,2
epaper,2
maine-et-loire,2
smartbuildings,2
qvt,2
plateformedigitale,2
diabetes,2
ad network,2
influenceurs,2
photo,2
cyberespionnage,2
mayenne,2
seconde main,2
autoconsommation,2
capteurcardiaque,2
accessoires lifestyle,2
datasharing,2
tourism,2
sovereignty,2
autonomie,2
boulogne-billancourt,2
storage,2
entraide,2
exoskeletons,2
safetytech,2
ses technologies ou son marché cible ?,2
industrie - extraction  première transformation,2
commerce et distribution,2
energy management,2
carpooling,2
podcast,2
supportclient,2
healthcareinnovation,2
photobooth,2
transformationdigitale,2
flexoffice,2
pettech,2
market,2
bim,2
real-time,2
development,2
data analysis,2
électromobilité,2
portugal,2
équipes,2
payroll,2
crossborder,2
webdesign,2
signature,2
identification,2
digitalservices,2
gouvernement,2
facilitymanagement,2
mobilitéurbaine,2
smartdevices,2
languagelearning,2
corporatetraining,2
services dimpression d,2
geomarketing,2
digitalwallet,2
cloudplatform,2
neobank,2
haut-rhin,2
mobilegaming,2
candidat,2
essaiscliniques,2
voicetech,2
valorisation,2
intérim,2
bases de données,2
agroalimentaire,2
appdevelopment,2
zéro déchet,2
live,2
osint,2
devis,2
digitalplatform,2
threatintelligence,2
freelancing,2
ticketing,2
ia  data,2
cbd,2
biomass,2
adaptivelearning,2
gps,2
climatestrategy,2
personalisation,2
database,2
réseaux sociaux,2
mooc,2
avis client,2
climatetech,2
electricmobility,2
interactivity,2
salesforce,2
cryptography,2
consommation,2
exportation,2
poste,2
accompagnement rse,2
modération,2
scanner,2
avatars,2
roi,2
bas-rhin,2
séminaire,2
social network,2
marchés publics,2
cosmetics,2
ebook,2
datavisualization,2
influence,2
biopolymer,2
digitaltherapeutics,2
matériaux,2
frenchtech,2
dataplatform,2
gard,2
economie collaborative,2
pharmatech,2
drugdiscovery,2
développementdurable,2
protein,2
modélisation,2
interactivelearning,2
formation en ligne,2
password,2
00% finançable,2
propriétéintellectuelle,2
levallois-perret,2
thés,2
collectibles,2
les ulis,2
iptv,2
biosourced,2
veille,2
ressource humaine,2
applications web,2
construction tech,2
sobriété,2
us,2
challenge,2
new,2
promotion,2
bijou,2
sake,2
public transportation,2
partage,2
cloudgaming,2
live shopping,2
entreprises,2
safety,2
collaborative consumption,2
creative,2
hospitalitytech,2
modular,2
industrie - naval,2
videoanalysis,2
iso00,2
bar,2
constructiontech,2
dataexchange,2
vélo,2
greenmobility,2
pharmacology,2
pentest,2
authenticity,2
internationalization,2
product management,2
réalité augmentée,2
computer,2
neurologie,2
interopérabilité,2
clinical,2
cryptographie,2
activité physique,2
flexibilité,2
carboncredits,2
transition,2
commerce de proximité,2
liveshopping,2
écoresponsabilité,2
conformité,2
messaging,2
developer platform,2
ultrasound,2
communautés,2
upcycling,2
coffrefortnumérique,2
corporate training,2
web design,2
carboncapture,2
fraude,2
cyber sécurité,2
biogas,2
programming,2
devsecops,2
digitalmarketing,2
kyc,2
accesscontrol,2
immigration,2
cloud  insfrastructure,2
reconnaissance,2
cytometry,2
détection,2
télémédecine,2
staffing agency,2
netzero,2
healthdata,2
culturalheritage,2
energies propres,1
"batteries  
 analytics  
 energy  
 optimization",1
"ev
 fleetmanagement
 smartcharging
 energyefficiency",1
héritage,1
"antimatière  
 métrologie  
 nondestructif  
 positrons",1
nfts,1
labège,1
internationalisation,1
datasynchronization,1
latresne,1
cloudmigration,1
energies renouvelables,1
cher,1
customerloyalty,1
creativestrategy,1
contentmarketing,1
customerservice,1
digitalcollectibles,1
techrh,1
natural resources,1
orphandiseases,1
audit de conformité,1
voiceassistant,1
dassets,1
powermonitoring,1
sdk,1
capture,1
relations presse,1
agricole,1
onlinetutoring,1
motioncapture,1
légumes,1
lsf,1
organic food,1
aérospatial,1
earthcube,1
rognes,1
phytotherapy,1
fruit,1
predicsis,1
predictive,1
components,1
bourg en bresse,1
precogs,1
opportunities,1
purchasing,1
electronic,1
pesticide,1
ain,1
automatically,1
teams,1
"mobilité  
 santé  
 ia  
 accessibilité",1
mobile devices,1
pradeo,1
mobile apps,1
madeinfrance,1
batterymanagement,1
venuemanagement,1
satelliteimagerie,1
vorly,1
emotions,1
miniled,1
flexibledisplay,1
tft,1
immersive learning,1
digital learning,1
chimie,1
techgood,1
techr&d,1
"healthtech  
 computervision  
 ergonomics  
 saas",1
health insurance,1
urcel,1
diversity,1
mentaltraining,1
personaldevelopment,1
french tech,1
pestcontrol,1
bioacoustics,1
formateur,1
artpreservation,1
formations gamifées,1
cyberattaques,1
dentiste,1
saint didier au mont dor,1
pentesting,1
appointments,1
leadgen,1
romans-sur-isère,1
spectroscopy,1
rencontre,1
education formation,1
datacuration,1
parentalité,1
chef a domicile,1
life insurance,1
pricecomparison,1
energieverte,1
gestion de trésorerie,1
ressourcesnaturelles,1
"saas  
 ia  
 retail  
 ecommerce",1
sécuritéintelligente,1
scooterélectrique,1
akeneo,1
suresnes,1
ui,1
videoediting,1
cognitivelearning,1
architecture intérieure,1
annotation,1
fmcg,1
affichage,1
inno,1
management visuel,1
lean digital,1
localdistribution,1
akeneopim,1
tracking,1
copyright,1
autonome,1
innovationtechnologique,1
revêtementantireflet,1
compléments alimentaires,1
business development,1
carte connectée,1
partage de photographie événementielle,1
je peux vous fournir des exemples de mots-clés génériques qui sont souvent utilisés pour décrire des entreprises dans le secteur technologique voici,1
price comparison,1
digitaleconomy,1
dcamera,1
dermatology,1
preuve,1
harcèlement,1
spinqubits,1
evenement,1
electroménager,1
"émotion
 sémantique
 saas
 ia",1
investir,1
e-réputation,1
renovation,1
chantier,1
lozère,1
portables,1
monextel,1
ux design,1
gastronomie,1
hedging,1
genomeediting,1
intelligence prescriptive,1
etrucks,1
rural,1
presse,1
hypertension,1
accepte,1
techmanagement,1
développer,1
communiqués,1
to,1
étude,1
itsolutions,1
qgc,1
nouvelle,1
healtech,1
oad,1
ergonomie,1
santech,1
cours,1
sous-marin,1
hydrolienne,1
techtalent,1
energiesrenouvelables,1
airlines,1
healthways,1
le mans,1
expérienceclient,1
parents,1
satisfactionemployé,1
digitalskills,1
multicloud,1
iaresponsable,1
enfant,1
perspective d,1
laon,1
récupération de données,1
pesticides,1
enseignement,1
sportapp,1
handtracking,1
energie renouvelable enr,1
eolien,1
biot,1
gesturecontrol,1
icconstruction,1
isolant,1
bascarbone,1
re00,1
industrialsafety,1
artérielle,1
générales,1
riskassessment,1
plastique,1
pruning,1
temps pulsar,1
smartmaterials,1
infrastructures critiques,1
"mobilierurbain  
 durabilité  
 modularité  
 participationcitoyenne",1
actuators,1
perméabilité,1
indoormapping,1
tax,1
darkweb,1
martinique,1
customization,1
diarization,1
sales bb,1
quantization,1
mloptimization,1
antioxidants,1
serre,1
bio-inspired,1
machines,1
care&repair,1
webinsights,1
reparation,1
digitalresilience,1
arboriculture,1
online portals,1
animaux,1
tp,1
cancerdiagnosis,1
skillstraining,1
"lidar  
 spatialintelligence  
 transportation  
 safety",1
construction durable,1
windpower,1
analyse marché,1
territoire de belfort,1
spatialdata,1
aivalidation,1
urbandesign,1
decisionintelligence,1
publicsafety,1
"quantum
 simulation
 machinelearning
 r&d",1
digitalconversion,1
beverage,1
limonest,1
pharmacologie,1
localcommerce,1
assistants,1
bijoux,1
digitalsolutions,1
brewery,1
ciblage commercial,1
calibration,1
metrology,1
soc,1
financiers,1
ecosystème,1
"cloudcomputing  
 greentech  
 digitalsovereignty  
 deeptech",1
"je peux vous fournir quelques exemples génériques basés sur des secteurs technologiques courants voici quelques suggestions :

 ia",1
companies,1
firmware,1
openinnovation,1
zerocode,1
enterprisesearch,1
agrifinance,1
greenhydrogen,1
immersif,1
tribunaux,1
la grande motte,1
consumer reviews,1
lettre recommandée en ligne,1
dématérialisation courrier,1
logiciel courrier,1
api courrier,1
lettre recommandée électronique,1
corrèze,1
weeding,1
hrteach,1
farming,1
agricoles,1
naïo,1
robot,1
désherbage,1
prouilly,1
boulangerie,1
intégrations,1
collecter,1
experience,1
myfeelback,1
comment,1
satisfaction,1
annonces immobilières,1
questionnaire,1
interactivemedia,1
contacter,1
dataprocessing,1
améliorer,1
enrichissez,1
contentdistribution,1
e-shop,1
caviste,1
marne,1
deepmind,1
cashback,1
sanitisation,1
biomechanics,1
dataautomation,1
chauffeur,1
irm,1
waste management,1
animal feed,1
recettes,1
anesthesia,1
microbicidal,1
blagnac,1
aiaas,1
dispositifs,1
mode ethique,1
avatar,1
digitaladoption,1
globalsolutions,1
markeplace,1
digitalecosystem,1
levitation,1
microalgues,1
magrail,1
laboratory,1
intelligence artrificielle,1
posture,1
aiot,1
expédition,1
environmentalmonitoring,1
carboncertification,1
renaturation,1
fibrecarbone,1
eeg,1
commercial real estate,1
saint-denis,1
restoration,1
authenticité,1
processing,1
cogénération,1
handwriting,1
cloudsecurity,1
caen,1
volumetricvideo,1
citizenreporting,1
emailing,1
antidésinformation,1
reverseengineering,1
secondlifebatteries,1
guyane,1
glioblastoma,1
ivlt,1
recognition,1
traitementdéchets,1
modèleslinguistiques,1
metamaterials,1
predictivemaintenance,1
sécuritéalimentaire,1
ruralité,1
cosmétique,1
hébergement,1
service digital,1
seniorcare,1
médiation,1
changementclimatique,1
ressources,1
"innovation  
 defense  
 technologie  
 militaire",1
régalien,1
aging,1
e-commerce platforms,1
digitalinnovation,1
marcq-en-barœul,1
energyharvesting,1
expensemanagement,1
paymentcards,1
"nanotechnologie  
 décarbonisation  
 énergie  
 environnement",1
pyrénées-atlantiques,1
radiology,1
ndt,1
espace de travail numérique,1
cancervaccine,1
medicalimaging,1
développement durable,1
gardanne,1
jouet,1
livraison à domicile,1
ios,1
entertainmenttech,1
coding,1
workos,1
assurance-crédit,1
artisanat,1
equipementsportif,1
indexation,1
experiential,1
multimedia,1
pollutioncontrol,1
waterquality,1
biomonitoring,1
dsp,1
textsql,1
voice,1
tech engine,1
rag,1
asie,1
neutralitécarbone,1
processus,1
onoff,1
personnelles,1
maladiesrares,1
parcours,1
hunterasaservice,1
muret,1
économies,1
"santé
 média
 jeunesse
 bienêtre",1
anonymat,1
génomique,1
émotion,1
kubernetes,1
visionparordinateur,1
carburant,1
fashion tech,1
localisation,1
devatics,1
étude de marché,1
notice,1
experts,1
agpro,1
rate,1
reengineering,1
pyrénées-orientales,1
internet des objets,1
messenger,1
consumption,1
fuel,1
alertgasoil,1
energiesolaire,1
identity,1
collectiveintelligence,1
identiténumérique,1
vérificationâge,1
parfum,1
savings,1
techbio,1
broadband,1
agence web design,1
contractanalysis,1
bergerac,1
dordogne,1
"robotics  
 telepresence  
 inclusivity  
 healthcare",1
seriousgame,1
salle de réunion,1
mems,1
microspeaker,1
vrtraining,1
législation,1
suividigital,1
projection,1
fsoc,1
pricing,1
bcorp,1
utilisateurs,1
procurement,1
carquefou,1
publicité,1
cloud storage,1
urbanisme,1
woundcare,1
géomatique,1
bien-être salariés,1
innovation rh,1
titresrestaurant,1
infectioncontrol,1
teamdynamics,1
transitionécologique,1
ecoresponsable,1
unique,1
standardisation,1
braintech,1
transition energétique,1
optimisation énergétique,1
speech recognition,1
capturecarbone,1
"g  
broadcast  
wireless  
events",1
robustesse,1
évry-courcouronnes,1
costefficiency,1
computing,1
gpu,1
haccp,1
interface,1
giverny,1
système information,1
scouting,1
bio,1
massy,1
colombelles,1
intermediation,1
omnicanal,1
website builder,1
datavaluation,1
performance commerciale,1
roquefort-les-pins,1
mobilelearning,1
composites,1
mobileinterface,1
facetracking,1
eyetracking,1
cancerdetection,1
trend,1
mode et création,1
vote en ligne,1
smartphones,1
marcom,1
autocad,1
backoffice,1
article,1
analyseémotionnelle,1
testutilisateur,1
reconnaissancefaciale,1
esignature,1
atmosphère,1
professionnel,1
hifi,1
carte de fidélité,1
box mensuelles,1
recommerce,1
lancement,1
"edgecomputing  
 edgeai  
 isv  
 deployment",1
moirans,1
social dining,1
agentvirtuel,1
concept,1
toute,1
obiz,1
partenaire,1
partner,1
google,1
pass,1
card,1
"photobiology  
 agritech  
 led  
 biotechnology",1
activité,1
offer,1
webflow,1
combustible,1
unity,1
workshops,1
otec,1
facture,1
okr,1
costsavings,1
airesilience,1
cheveux,1
signatureélectronique,1
lgbtq,1
noisecancellation,1
socialnetwork,1
evtol,1
interactivevideo,1
captioning,1
mesh networks,1
advertpayment,1
publishers,1
swac,1
énergiemarine,1
snacks,1
"bigdata  
 ia  
 manufacturing  
 marketing",1
"domotique  
 rangement  
 automatisation  
 application",1
induction,1
bbfleets,1
hydrologie,1
spatiallearning,1
0video,1
lille,1
bancaire,1
nailart,1
habitat,1
plastics,1
virtualevents,1
événement virtuel,1
utilities,1
haptics,1
charente,1
helmet,1
digitalmanagement,1
volumetric,1
dataobservability,1
uam,1
electricaviation,1
airtaxi,1
reconditionnement,1
recyclage batteries économiecirculaire durabilité,1
pcbdesign,1
dcapture,1
customer success,1
filmindustry,1
hydrology,1
cse,1
speechai,1
voicemail,1
sentimentanalysis,1
langage,1
videostreaming,1
medicalequipment,1
homecare,1
survey,1
smartoffice,1
interaction,1
expérience,1
aquariumtech,1
marinelife,1
imageannotation,1
ia travel,1
av,1
découverte,1
infections,1
animal,1
infectieuses,1
autisme,1
sensibilisation,1
ses technologies utilisées ou son marché,1
university,1
humanoid,1
quadruped,1
gestionenergie,1
recovery,1
searchintelligence,1
markettrends,1
lms,1
écully,1
honeypots,1
energierenouvelable,1
reforestation,1
sericulture,1
greeninvestments,1
celebrities,1
communities,1
brandambassadors,1
pathologie numérique,1
geodata,1
visualization,1
nirs,1
"hrtech  
 bien-être  
 engagement  
 ia",1
"je peux vous fournir des exemples génériques qui pourraient sappliquer à de nombreux secteurs technologiques voici quelques suggestions :

 innovation",1
tempsréel,1
abonnement couches,1
management information systems,1
agence digitale,1
techevent,1
retrofitting,1
lcv,1
eparking,1
smartdevice,1
enligne,1
management hybride,1
greenchemistry,1
electricity,1
marketingdigital,1
datastorytelling,1
petservices,1
disputeresolution,1
ewallet,1
bnpl,1
dashboard,1
relationsinternationales,1
ambassade,1
ukraine,1
venturestudio,1
umanlife,1
gpao,1
lastmile,1
dematerialization,1
la garenne-colombes,1
roboadvisor,1
machinevision,1
creativeai,1
interactivefitness,1
cohesion,1
cobiotx,1
diplomatie,1
masterdata,1
visitormanagement,1
dentalcare,1
queuemanagement,1
lostproperty,1
publicservices,1
mindmapping,1
ethicaldata,1
network security,1
forensics,1
freight,1
saudiarabia,1
cotransportage,1
teletravail,1
streetmarketing,1
hightech,1
virtualization,1
cloudsim,1
reconnaissancevocale,1
levallois perret,1
visite virtuelle,1
pelvichealth,1
analytique,1
durability,1
patientjourney,1
techinnovation,1
humanaugmentation,1
inventory,1
softrobotics,1
voix,1
meeting software,1
callbot,1
"healthtech  
 ai  
 diagnostics  
 wearables",1
"sustainability  
 procurement  
 consortium  
 analytics",1
verticalfarming,1
"rfid  
 iot  
 blockchain  
 saas",1
portfolio,1
idées,1
apprentissageinteractif,1
véhiculesintelligents,1
communications infrastructure,1
specialtycoffee,1
frontline,1
bois,1
biomaterial,1
booking,1
mapping,1
apis,1
workplace,1
soundproofing,1
officepods,1
social recruiting,1
employeeexperience,1
carrental,1
"ecommerce  
 sustainability  
 mobility  
 blockchain",1
coffeetech,1
homebrewing,1
démo,1
projets,1
surm,1
scolaire,1
formateurs,1
mathématiques,1
energiedurable,1
association,1
simulations,1
couture,1
soundrecognition,1
sportsmedicine,1
softtissue,1
airfiltration,1
motorcycle,1
insecticide,1
transitionenergetique,1
economieenergie,1
societeamission,1
méthode,1
apprendre,1
innovathon,1
affordablecare,1
serviceàdomicile,1
enterprise applications,1
emploijeune,1
jobétudiant,1
ecommerce luxe afrique mode,1
infographie,1
artcommunity,1
digitallibrary,1
audiobooks,1
ddesign,1
digitalshowroom,1
saint-mandé,1
pneus,1
dms,1
joinville le pont,1
audioguide,1
emobility,1
gearbox,1
conservation,1
batteries electrification immersioncooling industrie,1
colocation,1
recyclable,1
innovativefabrics,1
santé-mentale,1
prévention-psy,1
psytech,1
citizenscience,1
powerelectronics,1
puteaux,1
smartfactories,1
nft,1
creation de site internet,1
cicd,1
live video,1
plateforme video,1
renewable,1
zld,1
réduction,1
sensortechnology,1
"ia  
 nui  
 spatialcomputing  
 wearable",1
wellnesstech,1
réutilisation,1
vegetal,1
"co  
biogenic  
sustainability  
alimentary",1
nanterre,1
mobilitéélectrique,1
recharge,1
freight service,1
childcare,1
ondemand,1
babysitting,1
issy les moulineaux,1
traitementeaux,1
wastemanagement,1
streaming video,1
webcast,1
digitalentertainment,1
genetherapy,1
objets,1
qualitycontrol,1
éolienne,1
collaborative,1
"evtol  
 aerospace  
 logistics  
 innovation",1
offrir du vin,1
trading platform,1
logiciel de recrutement,1
gestionprojet,1
urbanmonitoring,1
enchère,1
we-inspire,1
interactif,1
wipple,1
gan,1
foodsecurity,1
prévision,1
contentproduction,1
météo,1
creatormanagement,1
smartboating,1
cashless,1
rueil-malmaison,1
quantumnetworking,1
quantummemory,1
vision,1
engagement collaborateurs,1
contribution climat,1
plante,1
traveltech,1
millennials,1
grouptours,1
"recyclage  
 économiecirculaire  
 applicationmobile  
 durabilité",1
participation,1
algorithm,1
point of sale,1
sales automation,1
supplements,1
itgreen,1
servicesnumériques,1
logiciels,1
santéféminine,1
multidisciplinaire,1
berlin,1
bienêtreprofessionnel,1
adikteev,1
guadeloupe,1
hearingloss,1
boneconduction,1
medicaldevice,1
codereview,1
randonnée,1
sailing,1
poc,1
greenops,1
green it,1
sponsorship,1
francisco,1
carry le rouet,1
luminosité,1
remotemonitoring,1
san,1
"zeroemission  
 compressedair  
 greenenergy  
 automotive",1
bouc-bel-air,1
dijon,1
teleassistance,1
"je peux vous fournir des exemples génériques basés sur des secteurs courants voici quelques suggestions :

 technologie",1
paiement mobile,1
mechatronics,1
prenatal,1
audiology,1
hearingtech,1
santé auditive,1
all-in-one,1
engagement audience,1
hybridevents,1
electric,1
skateboard,1
modules personnalisés,1
chine,1
stockagebatterie,1
technologiebrevetée,1
gridintegration,1
energymarkets,1
bien-être financier,1
tarn-et-garonne,1
tele-travail,1
création de site internet,1
licence,1
scaleups,1
luxembourg,1
innovation digitale,1
offroad,1
sur-mesure,1
users,1
full stack,1
psychologie,1
visualcommunication,1
language learning,1
spendmanagement,1
financecommunity,1
objets connectés,1
sans une description de lentreprise,1
il est difficile de générer des mots-clés précis pourriez-vous fournir plus dinformations sur lentreprise ou son secteur dactivité ?,1
motionrecognition,1
membership,1
duer,1
salesintelligence,1
machinery,1
marketdata,1
click-to-video,1
croix,1
baie mahault,1
spectacle,1
presentation,1
smartlabels,1
inventorymanagement,1
agilité,1
crowdsourcing,1
patients,1
diseases,1
mutuelle,1
sensorion,1
chateau-gontier,1
technical support,1
chanverrie,1
optics,1
windenergy,1
courrier,1
services à la personne & aux tpe,1
etl,1
solution de paiement,1
"cybersecurity  
 greenit  
 seriousgame  
 awareness",1
emballage souple innovant,1
collect,1
ussd,1
google ads,1
incubator,1
essaiclinique,1
kol,1
expert,1
jeuxvidéo,1
content marketing,1
aix en provence,1
scada,1
userengagement,1
"saas  
 digitalsignage  
 automation  
 marketingtech",1
évron,1
york,1
irrigation,1
realestate,1
technologieverte,1
sewing,1
redaction web,1
investisseur,1
service aux particuliers,1
je peux vous fournir quelques exemples généraux de mots-clés qui pourraient sappliquer à divers secteurs technologiques et marchés :,1
started,1
indre-et-loire,1
tours,1
get,1
lavage automobile écologique application mobile,1
nettoyage,1
sans description spécifique de lentreprise,1
je peux vous fournir des exemples de mots-clés génériques qui sont souvent pertinents pour des entreprises technologiques ou de marché voici quelques suggestions,1
marketing mobile,1
moto,1
bandol,1
var,1
screenshot,1
competence,1
fabrication en ligne,1
networks,1
dataroom,1
télétravail,1
école-valentin,1
accompagnement ssi,1
google workspace,1
signature email,1
affichage dynamique,1
artistes,1
singulart,1
cantal,1
yolet,1
jumeau numérique,1
calcul complexe,1
gestion des compétences,1
data processing,1
techmedia,1
hospitalité,1
tilkee,1
sa technologie ou son marché cible,1
"ergonomie  
 santé  
 hôpital  
 logistique",1
smartspaces,1
sciences,1
composite,1
eure,1
mais il semble que la description de lentreprise soit manquante pour générer des mots-clés précis,1
jaurais besoin de plus dinformations sur lentreprise,1
aigc,1
manufacturer,1
cloudnative,1
cdp,1
sportif,1
conférences,1
menstruation,1
adolescents,1
absorbenttechnology,1
cbt,1
vanlife,1
materials,1
e-government,1
santémentale,1
conseilenligne,1
handyscan,1
recruteur,1
employer,1
club,1
profil,1
free to play,1
virtualassistants,1
"biotechnologie  
 phytothérapie  
 santé  
 innovation",1
fantasytrading,1
genz,1
immoblier,1
photovoltaic,1
middleeast,1
organiccotton,1
travelapp,1
télécom,1
saint-quentin,1
brest,1
souvenir sportif,1
clapiers,1
éco responsable,1
middleware,1
smartvehicles,1
economiesolidaire,1
applicationmobile,1
violenceconjugale,1
ballistic,1
datacollection,1
"ia  
 saas  
 simplification  
 bb",1
jeux éducatifs,1
care,1
sartrouville,1
g technologies,1
ecotourism,1
mediascreen,1
vitry sur seine,1
narrative,1
téléconseil vétérinaire,1
téléconsultation vétérinaire,1
santé animale,1
télémédecine vétérinaire,1
vétérinaire,1
focus,1
veterinary,1
mobileservices,1
embedded software,1
industrial automation,1
ophthalmology,1
dataspace,1
audiovisual,1
propositions,1
customers,1
tageos,1
php,1
precisionagriculture,1
royaume-uni,1
espagne,1
bibliothèque,1
telephony,1
earthobservation,1
stratospheric,1
aerialimaging,1
lowtech,1
"biotech  
 pharma  
 innovation  
 painmanagement",1
play,1
seniortech,1
credit cards,1
progresstracking,1
processmining,1
funéraire,1
viticulture,1
belgique,1
addiction,1
identité,1
"réalitéaugmentée  
 accessibilité  
 culture  
 haptique",1
messagerie instantané,1
handball,1
cmos,1
tarn,1
knowledgegraph,1
"software  
startup  
community  
integration",1
homerepairs,1
autonomousapp,1
craftsman,1
file,1
well-being,1
industrie - ferroviaire,1
soudage fsw,1
test and measurement,1
stockageélectrique,1
mr,1
neurostimulation,1
painmanagement,1
swisstech,1
powerconversion,1
montrouge,1
virtualproduction,1
pigments,1
colomiers,1
aivideo,1
digitalavatars,1
dataprovisioning,1
clouddatabases,1
musictech,1
audiogeneration,1
systancia,1
datarecycling,1
patientmonitoring,1
chroniccare,1
batterytech,1
livestreaming,1
suncare,1
lunchr,1
tradingsoftware,1
éclairage,1
sunna,1
diy,1
"community  
branding  
webinars  
networking",1
orne,1
sportsbroadcasting,1
surf,1
surfaceengineering,1
creation de site,1
apisolutions,1
aigovernance,1
professionnel de sante,1
future of work,1
osmotic,1
économiesolidaire,1
mn,1
"sustainability  
 supplychain  
 compliance  
 digitaltwin",1
snowmanagement,1
misinformation,1
pilotage rse,1
outremer,1
adcs,1
datacompliance,1
economicgrowth,1
programmation,1
energydata,1
pérols,1
infertility,1
generadores,1
smartcards,1
ecoparc,1
psychotherapy,1
reimbursement,1
"nanotechnology  
 inkjet  
 sustainability  
 electronics",1
qwl,1
tactile,1
gis,1
roussillon,1
microbiome,1
sleeptech,1
chronobiology,1
powertrains,1
franconville,1
commercialization,1
japan,1
zerowaste,1
law enforcement,1
portablemonitors,1
individual investor,1
investir voiture de collection,1
private cloud,1
voiture de collection,1
ecosoftware,1
caregiving,1
corporatesupport,1
selfcustody,1
industrial engineering,1
licences,1
génératif,1
dpe,1
aerogel,1
insulation,1
orc,1
geothermal,1
email marketing,1
cancerresearch,1
iso000,1
stakeholders,1
renouvelables,1
rennes,1
thermodynamics,1
télémaintenance,1
"ia  
 génératif  
 nocode  
 licences",1
serverperformance,1
lecture,1
angers,1
dyomix,1
flamme,1
"software  
innovation  
efficiency  
userexperience",1
firefighting,1
gas,1
métaux,1
immersioncooling,1
textmining,1
boîte à outils startup,1
aix-en-provence,1
businesssolutions,1
épargner,1
venturecapital,1
"biosourcé  
 textiles  
 mobilité  
 innovation",1
airport,1
essington,1
maîtrise de lénergie,1
drive,1
trustlayer,1
panneaux,1
aisecurity,1
photovoltaïque,1
"pédiatrie  
 bienêtre  
 innovation  
 madeinfrance",1
endoscopie,1
abeille,1
location ruche,1
transmission,1
ruche,1
dépistage,1
industrial manufacturing,1
soignolles en brie,1
récupération de chaleur,1
bâtiment modulaire,1
citoyen,1
smokitten,1
hospital,1
dépannage,1
jeunesse,1
centre dassistance,1
importexport,1
radlad,1
sourcing,1
"recyclage  
 ia  
 smartcity  
 durabilité",1
game,1
lead generation,1
commerçants,1
animauxdecompagnie,1
serious,1
blind,1
processmanagement,1
efficacité énergétique,1
électrification performante,1
puericulture,1
cailabs,1
award,1
nanotubes,1
antifraude,1
directions,1
facility,1
com,1
pa,1
office,1
list,1
expresspark,1
second,1
park,1
nd,1
street,1
inc,1
materialsscience,1
yonne,1
auxerre,1
nettoyant,1
multiplexer,1
formations en ligne,1
ysance,1
multi-plane,1
boissy st leger,1
transporteur,1
saint-amand-les-eaux,1
efficience énergétique,1
e-bikes,1
pliage,1
soufflet de protection,1
origami,1
préhenseur,1
vérin,1
wasteheat,1
alimentation,1
programmatique,1
fabriqueenfrance,1
bulldozair,1
quincy-sous-sénart,1
déplacement professionnel,1
voyage daffaires,1
agence de voyage,1
dark patterns,1
loyalty programs,1
visualisation,1
bijouterie,1
challans,1
accounting,1
prévision des ventes,1
decines charpieu,1
cryptomonnaie,1
fieldbox,1
developer,1
bruges,1
élevage,1
innovation management,1
provider,1
account,1
please,1
datainsights,1
information juridique,1
reduce,1
robots,1
regenerative,1
comportement,1
loiret,1
montargis,1
llmops,1
generative ai,1
vue,1
"cybersécurité  
 phishing  
 zerotrust  
 email",1
license,1
idmog,1
freelancers,1
social selling,1
firesafety,1
ngs,1
ekyc,1
enterprisesolutions,1
e-invoicing,1
facture électronique,1
mobilitépartagée,1
transporturbain,1
génération de leads,1
hevtol,1
mobilitéaérienne,1
propulsionélectrique,1
posintegration,1
dirigeable,1
fret,1
"robotics  
 renewableenergy  
 innovation  
 sustainability",1
triathlon,1
marketingtech,1
smartmeter,1
"éolien  
 capteurs  
 innovation  
 surveillance",1
imageriemédicale,1
partnership,1
radar,1
infantcare,1
noncontact,1
ecoconscience,1
virtualidentity,1
snowboarding,1
socialnetworking,1
travelcompanion,1
languagetech,1
scalabilité,1
carbonfibre,1
evercontact,1
proctoring,1
"electromobility  
 infrastructure  
 innovation  
 afrique",1
browser,1
hvac,1
"telehealth  
 medtech  
 geriatrics  
 remotemonitoring",1
greenindustry,1
byopc,1
dispositif,1
limitededitions,1
launchtech,1
entretien,1
systèmerecommandation,1
toiture,1
anduze,1
imagerieaérienne,1
artisans,1
msdprevention,1
la teste de buch,1
smartproducts,1
prototyping,1
acceleration,1
studies,1
insect,1
skill assessment,1
gigafactories,1
filtration,1
gene,1
disorders,1
parkinson,1
dosimetry,1
charge mobile,1
voiture électrique,1
services réseau,1
borne de charge,1
disease,1
mmwave,1
building maintenance,1
telecoms,1
patentprotection,1
mycelium,1
protéines,1
employeewellbeing,1
qualitative,1
mobilierurbain,1
consumerresearch,1
biofuel,1
policy,1
eu,1
ferroviaire,1
ultrasons,1
digitalpolicy,1
digitalliteracy,1
saint-remy-les-chevreuse,1
aerodynamics,1
robotique ia éducation santé,1
carbonrights,1
chargingsolutions,1
bot,1
verification,1
altprotein,1
microtechnologie,1
charity,1
prosthetics,1
accompagnement aux porteurs de projet,1
estonie,1
électrolyse,1
alcootest,1
ammoniac,1
fiscalité,1
impactsocial,1
botify,1
book,1
demo,1
offres demploi,1
anecdote,1
civictech  govtech,1
avez,1
choix,1
pda,1
unicorn,1
neurology,1
neurosciences,1
bernin,1
neurotech,1
prescription,1
confidentialcomputing,1
techurbain,1
asset management,1
predictiveanalytics,1
fuelcell,1
brandprotection,1
robot advisor,1
enregistrement,1
utilisé,1
thérapie,1
modifier,1
carbon,1
localbusiness,1
industrialdrying,1
reputation,1
soient,1
f&b,1
pouvez,1
talents,1
cooptalis,1
refus,1
internationale,1
emissions,1
terminal,1
exprimer,1
iso,1
"covoiturage
 mobilité
 données
 incitation",1
simplification,1
aideàdistance,1
valuecreation,1
vetements,1
iomt,1
comparateur supermarché,1
versailles,1
appli anti gaspi,1
modèle,1
comparateur,1
culturetech,1
creativeindustries,1
culturalip,1
visualdesign,1
brandpromotion,1
creativeexploration,1
comparateur courses,1
ingénierie système,1
"blockchain  
 traceability  
 sustainability  
 carboncredits",1
mairie,1
postquantique,1
pulsed,1
staffaugmentation,1
dispositifs médicaux,1
marinebiology,1
environmentalawareness,1
smartfactory,1
technical,1
téléphonie,1
methanization,1
outdoor,1
mobileapps,1
equipment,1
kosdaq,1
sharing economy,1
bioco,1
conversionweb,1
referencement,1
googleanalytics,1
hybrid,1
alcatherm,1
froid,1
refrigerated,1
innovations,1
system,1
container,1
rapiddevelopment,1
stationnement,1
technologiemobile,1
smart parking,1
disability,1
collection,1
grading,1
grc,1
musicstreaming,1
coldway,1
cold,1
temperature,1
media and entertainment,1
boisson sans alcool,1
relation client,1
service client,1
centre dappel,1
ventes,1
code,1
cesson sevigne,1
scalablesoftware,1
games,1
developers,1
box,1
remotework,1
creation de site web,1
room,1
africanmusic,1
talentmatching,1
acquisitiontrafic,1
digitalstaffing,1
multiplayer,1
data privacy,1
lumbin,1
gestion google avis,1
le havre,1
recommandations,1
small business,1
tpe,1
agenda,1
open-source,1
cinéphilie,1
innovationafrique,1
ux,1
soinsdomicile,1
innovative,1
network hardware,1
callcenter,1
softwaredefinedvehicle,1
"écoconception  
 location  
 durabilité  
 recyclage",1
biopolymers,1
croissy sur seine,1
économiecollaborative,1
globalreach,1
digitalmedia,1
bracelet tissu personnalisé,1
impact environnemental,1
virtualsensors,1
bracelet silicone,1
regulation,1
publichealth,1
bracelet tissu,1
bracelet événementiel,1
ruban personnalisé,1
therapies,1
customer experience,1
bricolage,1
je peux vous fournir quelques exemples de mots-clés génériques qui sont souvent pertinents pour des entreprises technologiques ou axées sur l,1
deskbooking,1
officeanalytics,1
employeeproductivity,1
ecoresponsabilité,1
esim,1
mm,1
bilinguisme,1
"genai  
 saas  
 automl  
 knowledgemanagement",1
telecare,1
aube,1
optronique,1
gye sur seine,1
dac,1
"rehabilitation  
 dexterity  
 medtech  
 ergonomics",1
vienne,1
digitalworkplace,1
emotiondetection,1
tradetech,1
matchmaking,1
softwaredevelopment,1
uiux,1
techfrançaise,1
civictech,1
cryogenics,1
moléculaire,1
biocertification,1
géodonnées,1
opendata,1
revegetation,1
urbangreening,1
climateadaptation,1
sustainabledevelopment,1
selfbuild,1
sport santé,1
renseignement,1
antiterrorisme,1
graphene,1
histologie,1
networksecurity,1
aide à la décision,1
chambery,1
bateau,1
coachingdigital,1
adhd,1
santéhormones,1
communication digitale,1
croissy-sur-seine,1
alpes-de-haute-provence,1
durable,1
strategie industrielle,1
expertise en simulation,1
jumeau numerique,1
performance industrielle,1
lawyers,1
smartparking,1
videosurveillance,1
customer service,1
précisionmédicale,1
immatériel,1
biopsies,1
pathology,1
"medtech  
 diagnostics  
 biopsies  
 pathology",1
compétences,1
diamants,1
épargne,1
écoresponsable,1
watermonitoring,1
intellectual property,1
diamondtechnology,1
mobilitédouce,1
biarritz,1
publicconsultation,1
antivol,1
delair-tech,1
outdoor advertising,1
"vidéo  
ecommerce  
analytics  
streaming",1
harassment,1
bien être,1
produits ménagers,1
tourcoing,1
démocratisation,1
appcreation,1
recruitment,1
neoantigens,1
cancervaccines,1
moret-loing-et-orvanne,1
datamapping,1
cabinet de recrutement tech,1
esport,1
données personnelles,1
mobileintegration,1
horror,1
projectmanagement,1
souverain,1
mbse,1
"cybersécurité  
 automatisation  
 ia  
 zerotrust",1
homeautomation,1
semiconducteurs,1
cim,1
romilly-sur-seine,1
carte,1
smartpen,1
photo sharing,1
prévisionnel,1
financières,1
bp,1
financier,1
marques,1
inventaire,1
metadata,1
"robotique  
 ia  
 automatisation  
 analyseprédictive",1
dataculture,1
flows,1
homeservices,1
cleanbeauty,1
waterless,1
urbangardening,1
cellules,1
vermicomposting,1
affordable,1
reuse,1
olfactif,1
sustainablebuilding,1
resale,1
core banking,1
woodconcrete,1
industries,1
model,1
flux,1
biowaste,1
ocr idp,1
insights,1
digital signage,1
lhay-les-roses,1
traitement de documents,1
avis clients,1
vérification didentité,1
datapole,1
regulations,1
labtech,1
le kremlin-bicètre,1
mlops,1
dataengineering,1
modelportability,1
microscopy,1
contactless,1
st mathieu de treviers,1
superconducteur,1
ticket de caisse dématérialisé,1
"télécommunications  
 écoconception  
 biodiversité  
 architecture",1
platforminnovation,1
bâtimentintelligent,1
softskills,1
recouvrement,1
creativeeconomy,1
weboptimization,1
reverseproxy,1
artistsupport,1
représentation,1
metavers,1
arménie,1
flexibility,1
fibreoptique,1
investing,1
arteducation,1
montreuil,1
digitalpassports,1
expert immobilier,1
smarttech,1
neuilly-sur-seine,1
digitalassets,1
application performance management,1
zérodéchets,1
dédoublonnage,1
maintenance 0,1
mro,1
pièces de maintenance industrielle,1
life science,1
cours de scratch,1
vaucluse,1
foodinnovation,1
coparenting,1
familytech,1
qualityassurance,1
qualification,1
teamwork,1
datadriven,1
fusion,1
saint-clair-de-la-tour,1
imprimante,1
formfutura,1
hdglass,1
easyfil,1
filaments,1
webxr,1
servicespublics,1
jeusérieux,1
workshop,1
luminaires,1
startup studio,1
piano,1
gardedenfants,1
edutainment,1
accélération,1
eauatmosphérique,1
enghien-les-bains,1
efacturation,1
agence marketing,1
vpn,1
marque employeur,1
styletech,1
assistante virtuelle,1
gouvernance,1
heritage,1
intéressement,1
actions,1
bspce,1
levéedefonds,1
creativestudio,1
low-code,1
culturalengagement,1
souvenirs,1
interoperabilité,1
powerpoint,1
try,1
feature,1
newsletter,1
latest,1
customer,1
isotropix,1
système,1
itrust,1
intégrateur de flux,1
solution e-commerce,1
accueil,1
opérateur,1
privé,1
jn,1
jaguar,1
rendering,1
release,1
sign,1
digital immobilier,1
lpwan,1
avis-verifies,1
cardiovascular,1
radiologie,1
indoorpositioning,1
assettracking,1
techpioneers,1
stories,1
transformation numérique,1
sounddesign,1
emotion,1
learn,1
read,1
clarisse,1
offres,1
groupe de musique,1
emr,1
paas,1
manager,1
espace,1
industrie0,1
processor,1
dpu,1
social ads,1
quads,1
dev,1
deux-sèvres,1
organisation,1
besançon,1
dirigeant,1
gestion administrative,1
avion,1
vosges,1
journée,1
tarifs,1
partir,1
liensocial,1
résultats-clés,1
la côte-en-couzan,1
cv,1
vidéos,1
métiers,1
découpe et gravure laser,1
virtual assistant,1
passe,1
lieu,1
dès,1
déjeuner,1
assis,1
kactus,1
équipe,1
webrtc,1
bioresources,1
le trehou,1
language,1
season,1
de,1
terms,1
et,1
la,1
dubbing,1
destination,1
le,1
episodes,1
work,1
lylo,1
revenue,1
intentsignals,1
teamcollaboration,1
courtier,1
type,1
vins,1
copilote ia,1
parfumerie,1
bornes de recharge,1
prevention,1
antidot,1
display,1
flexible,1
sustainable,1
"ia  
 accessibilité  
 navigation  
 haptique",1
assistant,1
protectionidentité,1
bijou connecté,1
jewellery,1
digitalstorage,1
memories,1
cryptopayments,1
dscanning,1
product development,1
agence seo,1
catering,1
marchand de biens,1
algues,1
radiocommunications,1
evinfrastructure,1
autonomousvehicles,1
fréquences,1
videoconferencing,1
schoolmanagement,1
art de vivre,1
site e-commerce,1
nancy,1
choisy-le-roi,1
longévité,1
préventif,1
makazi,1
hôtellerie,1
aquaculture,1
boulogne billancourt,1
customsolutions,1
ebike,1
macbook,1
sustainablemobility,1
circularity,1
climbing,1
fractalcomputing,1
supercapacitors,1
cupcakes,1
régulation,1
logiciel de gestion dentreprise,1
diffusion,1
conférence,1
electricmotorcycle,1
batterytechnology,1
britishcraftsmanship,1
relocation,1
agile,1
restitution,1
domicile,1
loyer,1
bail,1
bailleur,1
locataire,1
gujan mestras,1
product search,1
lengow,1
dtechnology,1
plombier,1
aidant,1
wastewatertreatment,1
décoration,1
déco,1
select,1
saint mande,1
naturetech,1
employeur,1
salarié,1
ledger,1
public relations,1
hautes-pyrénées,1
maison,1
bootcamp,1
data engineer,1
argueil,1
cryptocurrencies,1
marinerestoration,1
nano,1
wallet,1
il mest impossible de générer des mots-clés précis pourriez-vous fournir plus dinformations sur lentreprise,1
ecoengineering,1
conseils juridiques,1
préjudice,1
libéraux,1
patient,1
accessoires,1
infirmière,1
mdm,1
consultancy,1
st hilaire de chaleons,1
aml,1
yield,1
installateurs,1
creators,1
genome,1
syntheticbiology,1
businessgrowth,1
economicdevelopment,1
london,1
réseautage,1
location de matériel sportif,1
objetsperdus,1
audience,1
montage,1
petites annonces,1
dtx,1
soins,1
dégustation de vin,1
mobilemarketing,1
aso,1
communitymanager,1
relation clients,1
social crm,1
nimes,1
formationcontinue,1
structures,1
dactualite,1
surmesure,1
human ressources,1
funding,1
digitalart,1
satellites,1
consommateurs,1
tombola,1
achat groupé,1
châteaubourg,1
flexibilitymarkets,1
"graphene  
 biosensors  
 rfid  
 wearables",1
steel,1
electrolyzer,1
fanexperience,1
isolation,1
africanlanguages,1
rgaa,1
accessibiliténumérique,1
eco-conception,1
rpa,1
localization,1
digital services,1
data mining,1
ethicalfinance,1
immersivetraining,1
impactinvesting,1
carnet de voyage,1
flowers,1
bénévolat,1
rewards,1
mobilemoney,1
digitalpayments,1
reseaux sociaux,1
insolite,1
travailler,1
recrute,1
ecovadis,1
optronics,1
assurance santé,1
designsystem,1
billetterie,1
"watertreatment  
 sustainability  
 biomass  
 micropollutants",1
solartech,1
smartlighting,1
climattech,1
résidencesecondaire,1
sport supplements,1
did,1
selfsovereign,1
eidas,1
dd,1
datatransfer,1
credit immobilier,1
mode enfant,1
marketresearch,1
globaltech,1
livestock,1
superapp,1
financing,1
refurbished,1
comfort,1
financedurable,1
antiaging,1
bon plan,1
satellitedata,1
fruits et légumes,1
vélotaf,1
saint-malo,1
"sécurité
 ia
 reconnaissance
 traçabilité",1
savewater,1
gaspillage alimentaire,1
assistance technique à maîtrise douvrage,1
text analytics,1
smartindustry,1
vélizy-villacoublay,1
microelectric,1
hors-site,1
bas-carbone,1
bouquets,1
maisons-laffitte,1
impactassessment,1
masques,1
datastorage,1
moteur de recherche,1
enterprise search,1
gestion des connaissances,1
dnatech,1
ecomobility,1
phytoremédiation,1
quadricycle,1
television,1
insertion,1
biotech environnement filtration pollution,1
batiment,1
ereceipt,1
personalbranding,1
bilan produit,1
vpp,1
bioreactor,1
"mycelium  
 sustainability  
 ecodesign  
 biomaterials",1
kpi,1
qualité de leau,1
superfood,1
womenempowerment,1
indoorairquality,1
airpurification,1
socialimpact,1
algorithms,1
opticalimaging,1
fiberoptics,1
biomédecine,1
breasthealth,1
knowledge graph,1
ia générative,1
data non structurées,1
analyse cycle de vie,1
numérique responsable,1
ecoinnovation,1
compensation carbone,1
voiture,1
deutsch,1
trouver,1
particuliers,1
drivy,1
très,1
véhicule,1
beyondwordsfr,1
mobilepayment,1
argent,1
clm,1
topologie,1
smartstores,1
japon,1
collonges-sous-saleve,1
loué,1
propriétaire,1
utilitaire,1
ess,1
acv,1
partage de la valeur,1
algorithme,1
gel,1
digitaltryon,1
"ia
 saas
 tourisme
 paiement",1
preventivecare,1
si,1
chronicmonitoring,1
hermanville-sur-mer,1
commercial,1
caisse enregistreuse,1
formationprofessionnelle,1
entre,1
dataspaces,1
videocommerce,1
businesssupport,1
collectivités,1
réalité mixte,1
"technologie  
 éducation  
 informatique  
 innovation",1
bpo,1
innovation collaborative,1
villeneuve d’ascq,1
ott,1
smarttv,1
techconsulting,1
customerrelationships,1
brevets,1
compétitivité,1
haute-vienne,1
limoges,1
géolocalisés,1
proximité,1
agingpopulation,1
assistivetech,1
biocontrol,1
resourcemanagement,1
incidents,1
inch,1
échanger,1
emergingmarkets,1
marcq-en-baroeul,1
mineralogy,1
antifraud,1
st marcel les valence,1
seafood,1
businesstravel,1
luxurytech,1
état,1
powerbank,1
smartlabeling,1
contrôle,1
workforce,1
fournisseurs,1
upskilling,1
inclusivité,1
sobriéténumérique,1
jumeauxnumériques,1
retailinnovation,1
"aviation
 iot
 analytics
 maintenance",1
compte,1
businessexpansion,1
madrid,1
développementéconomique,1
notamment,1
precisionfarming,1
aerialspraying,1
vérifiés,1
data visualisation,1
connexion,1
interprétation,1
je peux vous fournir quelques exemples génériques qui pourraient sappliquer à de nombreuses entreprises technologiques ou innovantes voici quelques suggestions :,1
charly,1
aichips,1
partnerships,1
secteur public,1
suite,1
risc-v,1
intent,1
publié,1
utiliser,1
gestionactifs,1
équipements,1
connectés,1
usage,1
accepter,1
risques,1
web hosting,1
font,1
gestionnaire,1
wealthmanagement,1
edi,1
cosmétiques bio artisanat durabilité,1
remotesensing,1
cropmonitoring,1
humanenhancement,1
organicfertilizer,1
offres packagées,1
cooling,1
"ia  
bien-être  
santémentale  
chatbot",1
conversations,1
shopify,1
emergencycare,1
stroke,1
automatisation ia,1
italy,1
airpurifier,1
gestiondéchets,1
hygiène,1
wholesale,1
employeeengagement,1
financetech,1
équitation,1
performanceoptimization,1
realtimeanalytics,1
normalisation,1
hyperpersonnalisation,1
workplacewellbeing,1
semanticweb,1
petdatadriven,1
aimonetization,1
dataownership,1
apitechnology,1
symbolicai,1
datamarketplace,1
hybridcloud,1
femmes,1
faciliter,1
investissementimmobilier,1
créez,1
efficacement,1
incenteev,1
comportements,1
aider,1
tutorat,1
pratiques,1
demandes,1
nice,1
confiance,1
facilement,1
permet,1
déjà,1
communiquer,1
sms,1
temps,1
jour,1
commerciaux,1
prix immobilier,1
offres emploi,1
businessintelligence,1
commerciales,1
agences,1
innovant,1
rénovation energétique bbc,1
impalahub,1
coach,1
ivf,1
tendances,1
hmi,1
multinational,1
decouvrez,1
format,1
electriciteverte,1
